"","MEblack","MEblue","MEbrown","MEcyan","MEdarkgreen","MEdarkgrey","MEdarkmagenta","MEdarkolivegreen","MEdarkorange","MEdarkred","MEdarkturquoise","MEgreen","MEgreenyellow","MEgrey","MEgrey60","MElightcyan","MElightgreen","MElightyellow","MEmagenta","MEmidnightblue","MEorange","MEpaleturquoise","MEpink","MEpurple","MEred","MEroyalblue","MEsaddlebrown","MEsalmon","MEsienna3","MEskyblue","MEskyblue3","MEsteelblue","MEtan","MEturquoise","MEviolet","MEwhite","MEyellow","MEyellowgreen"
"R10700",0.0306523735632833,-0.0317294156534732,-0.0238376179525019,-0.0433337980112188,0.0931764764391952,0.0120229614688584,-0.0219055842312966,0.0773592876554288,-0.101308166408949,0.0641699051836273,-0.0558719263987533,0.0398527509605452,0.112199416902278,0.0165801243238294,-0.025829481315002,0.0508458095859245,-0.042574796317998,0.0493551954727088,0.0777540041092105,0.0724609904908182,-0.0326797420994377,0.0831809103614742,0.0515222143989324,0.0330761619958096,0.0238263151708226,0.00408003292869719,-0.0873729318521932,0.0771060212631299,0.0269941989267958,-0.00442295204989329,0.0688780079110266,0.0281454876861563,0.0315948379411241,0.073663818827076,-0.0552243607036698,0.00186016141567824,-0.0428770912527549,0.0345312225135789
"R10703",-0.284786676602448,0.105556939312654,-0.335352057850525,-0.0266769074985982,-0.158207710143711,-0.15221331574247,-0.194297575036612,0.0312718081117576,0.131308332430927,0.0685064234300189,-0.0982551985916898,0.237633489688594,-0.131022150592421,-0.61992160716155,0.317635373471303,0.190241291502224,0.378062761262169,0.00213947262843917,-0.0211368578051646,-0.0911392315279084,0.273827930826792,0.0920149500504023,0.219009386206997,-0.120427469773576,0.0138095189965921,0.119769672438022,0.35378728169065,-0.0210944356377033,0.0341672442621208,0.260197596702576,-0.156910675528378,0.138379992443697,-0.177753488764848,-0.0674850306744728,0.10893077964415,-0.029280833529587,-0.125469993616234,0.0952937303473439
"R10706",0.102231830810764,-0.0473176984081931,0.0271486586271562,-0.0315525889161176,0.040609496653813,-0.0725163668002023,-0.0605612046624465,0.00355097723113057,-0.0369515512958739,0.0569582322646952,-0.123228794448952,0.00206039132982283,-0.0822401963661233,-0.0187749661341937,0.0753552874458017,0.196532489624665,0.0873995867382497,0.155554298997603,0.168489653111098,-0.0759634981033806,-0.0310550057480269,-0.136277982726861,0.0873738343447411,-0.166144430365053,-0.146860658817881,0.158263604645534,-0.00875729731984152,-0.00306436486455119,-0.209016704771686,-0.0637043905871437,0.0137344855740901,0.0757063061343905,0.154909473945002,0.112665600131305,0.000627523226204959,0.200897131841287,0.00839845904627856,0.116615536861624
"R10709",-0.0275074215830081,0.103476784955557,0.0126521972615956,0.0472691525975364,0.0216453692958518,0.0856836663957296,0.0168172597427237,-0.043601673095449,0.0494724675755804,-0.194862136829379,0.136750485466495,0.0284695929854279,0.0804537081569959,0.0861200537041841,0.0711902855205425,0.06815722672428,-0.0476011583843263,-0.0841404009472824,0.052513475712518,-0.0165511282337573,-0.0346444130314112,-0.0366653375081967,0.0126441356926276,0.0796417337496597,-0.118333678309972,0.0581748314177698,0.04557082283764,0.0384945636821085,-0.0887406483247902,0.0446079891253415,0.0630115225946501,-0.0859688270921186,-0.0359593219984502,-0.062392866828563,0.122383391205593,-0.0478464015904915,0.0455277128831478,0.0292047408418285
"R10713",0.113131161817216,-0.190430598949951,0.0310130208164273,-0.125384890047169,0.105383282930834,-0.0231691564723902,0.162337596374103,0.00127454887441595,-0.167778639518402,0.113049767300664,-0.0634604425049327,-0.14422388068945,0.0526038452853934,0.0828859963923366,-0.26925618900456,-0.027728991884384,-0.249854323458845,0.0916303755545759,0.0848750661036494,0.143310965329672,-0.113753289251294,0.0525956017722723,-0.0384318441844403,0.0245087153094657,0.169094720602237,-0.0865115672914409,-0.275236920759861,0.0155320902413089,0.0895543078489623,-0.167939826961323,0.0714370522199747,0.0601621349547968,0.105730291097864,0.105876342926641,-0.160770689512701,0.0712368985536945,-0.0785227265349981,0.00921213585481461
"R10716",-0.0101585385156923,0.125869512292112,0.0408595178776424,3.48390498521472e-05,-0.0287249588199328,0.0273850472482867,0.0565021895861538,0.0221397532706011,0.0905785817348197,-0.0296148651551476,0.0256029610387951,0.0314224748227792,-0.110245207990811,0.00661504935617491,0.0973739348747974,0.0732835042628129,0.0507791737598678,-0.0424829314508257,0.0220644967805394,0.0823821697689611,0.13507678197898,0.0543434245628534,0.02150677664062,0.0315280973960451,-0.00461969071251029,0.0522029394415329,0.0575565025481753,-0.0262496347302148,-0.0367584390388104,0.0249862682217966,0.106802997621628,-0.0956946847599093,0.0245981055739836,-0.00961079888405074,0.129019013575207,-0.270341946027553,0.109869558681658,0.0494475920752982
"R11445",-0.0675647255254518,0.0889594812244473,0.0422700807681353,0.117619234314936,-0.155780195513126,-0.0946065747579224,0.241546168976184,-0.123389728485452,0.143951876649327,-0.073147202985606,0.0603927965091779,-0.0346763749021963,0.0994448121256918,0.0371919663400348,-0.0532620731653703,-0.186762720558412,-0.0422416342114118,-0.108981621679677,-0.262999467122529,0.0666514916647163,0.0652538030141057,0.109714374707148,-0.195169330883663,0.00552987137941038,0.0360043078287619,-0.210429821853261,0.0937089270234346,-0.270079365406617,0.0649510405104943,0.022324881035938,-0.0889651119872606,0.0293210771357217,-0.117262234461537,-0.111114271651275,0.0621340480809266,0.238983008081589,0.162001663840864,-0.142026008295092
"R11449",0.0186254526288533,-0.0841270765387476,0.0505834594798608,-0.00555246927265932,-0.0294684252838042,-0.0178247700288001,0.0433402388480827,-0.0376138669916704,0.00896148621850848,0.100900789570193,-0.0230916409240687,-0.0615098327622216,-0.0493085820724067,0.0412251355493824,-0.131198553426409,-0.132587483937768,-0.089573604803835,0.0109855872993195,-0.0965275992691251,0.0154982969781438,-0.0355234133445723,5.68446176777718e-05,-0.0907794708951965,-0.0399040152800842,0.0443246896613836,-0.13635458913108,-0.0694730041174517,-0.0758052115648824,-0.0228366574813304,-0.0425775833404027,0.00378843914276625,0.034308962629579,-0.000127291164612308,0.0170716690732217,-0.0847168551559563,-0.00541243216789021,0.0400556806443221,-0.0612810054114751
"R11450",-0.198788980536649,-0.0392690499731272,-0.129268569296857,0.0928536474230897,0.072363880131235,0.0727292443320223,0.200001428731558,-0.256191229342513,0.0752803857819377,-0.0198375225206075,0.109667707210895,0.195949882075303,0.0227239240635923,0.0285338132472799,-0.0112720510161434,-0.086469372885211,0.0402391500264017,-0.160643809410691,-0.146209402684057,0.0647772659922902,-0.0919346553259456,0.17065065809087,0.041785550376214,0.151862934043655,0.0263022366607666,-0.131872234986471,0.107542252639836,0.0287118402059695,0.157115116584208,0.156632688919962,-0.0906166029962553,-0.134500139970254,-0.186430449571574,-0.0135134167652711,0.222183158687919,-0.0288530203539363,0.0163459443349374,-0.036897816237848
"R11452",0.12894904403802,0.147811197209557,0.0153322434828007,0.163310880697493,0.0137598821224347,-0.499820427324293,-0.198250479645459,0.141592367989852,-0.221825452196448,-0.107073215223208,0.0473290290856386,-0.0852892274298069,0.137669195498225,-0.204923537568767,0.0487415291214883,-0.0947036903756488,-0.110799177335462,0.162977488010645,0.0803743381541771,-0.318895312423128,0.079455728564338,-0.0726438331067568,-0.0201091912566734,-0.19841994158963,-0.0175751164352437,0.107260535532078,-0.192213000797089,-0.18566992117405,0.0793554219561246,0.0950884115389992,-0.0100091097109378,0.250904749088329,-0.0389510713061086,-0.178405802747467,-0.173262311076667,0.025644496070341,-0.178497423145862,0.236937488476483
"R11455",0.0477865415867588,0.158703922245161,0.0868591601399244,0.0602481219837009,-0.0882774080925305,-0.0693635567878322,0.0189998535405086,-0.130658702023122,-0.0117509140449082,-0.190563183910304,0.0984983345727203,-0.0858027786641308,-0.0343877863620346,0.0630807175497985,0.00709425715953572,-0.129290173117636,-0.117662280709026,-0.0774505622112029,-0.0744422169520499,-0.0701939486538224,0.0950841761407467,-0.0216138686329917,-0.111827810272309,0.00881911584001508,0.00591651786259118,0.00942163040079741,0.0322115908453004,-0.0738529152747014,-0.0139301852448271,-0.0161371744158067,0.0498881991811626,-0.0447673751478768,-0.0481316339695556,-0.15863206611001,-0.0610174511854344,0.0466270018960449,0.0885884985233031,-0.106358398999719
"R11457",0.0398546186468314,-0.19444464922326,0.0408887845930866,0.0783261178832255,0.060114606588843,-0.0469353242793661,0.144873699164415,-0.0606960601270538,-0.0378883041997542,-0.00881352592031842,-0.161024275682676,-0.0411543549911648,0.00195141417934504,0.0408478334073672,-0.165538422118599,0.081201173427623,-0.0475718464557087,0.0886744154985725,0.0254616828713315,0.0724608314180416,-0.176573974545355,-0.0627257937981761,0.0103425060513883,-0.13261937383938,-0.0101565900250244,-0.0417284070900689,-0.137623617873365,-0.113165487797026,-0.0464774904431968,-0.120049894313478,-0.130415997671431,0.00919277049659054,0.139891059686367,0.17365710162525,-0.0453599010541337,0.00418811758588422,0.0785857394295007,0.0196980949976545
"R11458",-0.0394942318499857,-0.0940822486667006,0.0167840700399584,0.129805133994234,0.0312240846037026,0.104510574655773,0.127269413496391,-0.0883649800501579,-0.000475330328310779,0.0088418231908489,0.0171617890171577,-0.0478451986963978,0.171078077446324,0.0741720096691214,-0.16092977655309,-0.0491462237844998,-0.107233514616376,-0.0216402475941349,-0.0354632972652093,0.167674486598891,-0.0459982922973184,0.0494718390734779,-0.0686208799474922,0.0998265768464791,-0.0343768724448903,-0.047870538515091,-0.0991762475127684,0.0754673649215295,0.0428984833428121,-0.0743815791387994,-0.0463918097649535,-0.156289536433606,0.0406878838748309,0.112415362244846,0.0255418814440808,-0.0634714599516565,0.0771234876586359,-0.0468172165744379
"R11459",0.114478002203628,0.0713494775898569,0.165827479190127,-0.0464032777358171,-0.131205530269966,-0.0129635829424873,0.0516872319844792,-0.0508998701116987,0.0725177248957709,-0.000444250271139332,0.0157882605713029,-0.167976609322104,0.0504331330470514,0.0714802436652205,-0.0684611318596907,-0.0980341972644133,-0.122292999129299,-0.0602127219039459,-0.0831676288414819,-0.0246710640675317,0.130076385590711,-0.0831264163183636,-0.162341796485794,-0.0323794811375031,-0.17023357968625,-0.0653849811644217,-0.00646091454169403,-0.0927019296385864,-0.0564880894619448,-0.144971911509023,0.0571147048354336,-0.0610076595831094,0.0442919633409837,-0.0850697828827134,-0.0774776647271904,0.0997730874985988,0.142258530879441,-0.151077754520756
"R11463",-0.268784577635578,0.0981282391839395,-0.238453525013959,0.112784692075526,0.165741467732207,-0.0236946320734816,0.0169791399046626,0.0233153581640652,-0.0817187677703295,-0.241153038085193,0.193079831811968,0.257033351418606,-0.0220384432555857,-0.105366588169671,0.226051009521138,-0.0310523792977448,0.199331767228413,-0.178790227472267,0.0554133193703555,-0.0384038520054303,-0.130100001434745,0.151786882331215,0.239807449998022,0.236193473564272,0.0603433921778402,0.18294517629261,0.146675195433475,0.200206785856179,0.236935894880537,0.306528676208042,0.0236774827146277,-0.0841554346425949,-0.291012205488081,-0.111814221121564,0.133661899716153,0.072041588589935,-0.167009784384204,0.0560102301463533
"R11468",-0.0577145366845229,0.106295757829772,0.0216905498636923,0.0941374867359629,-0.165378164317317,-0.0778387299925172,0.11024332934905,-0.153000243850189,0.0827902651552753,-0.0900569456083908,-0.00461209963029193,0.0250824630705905,-0.0369511972975346,-0.00934450739422131,0.0959255094246476,-0.0776790419872387,0.0787698967612867,-0.103452763628797,-0.19356676725531,0.0278037785090617,0.0581792184012324,0.139175847444494,-0.107618193230073,-0.0516092518186887,0.163850631402037,-0.121682613513077,0.14102513063575,-0.208033544313564,-0.00398637576929467,0.0419647783077668,0.0439742576967266,-0.0627909258833946,-0.106907133286157,-0.146735661189056,0.111775024388448,-0.0226451733659987,0.0742306582624667,-0.083052165097323
"R11470",0.195752937648835,-0.0731874717121977,0.0929142617938806,-0.0324389760130185,0.0344721077981074,-0.0585424380184567,-0.174402288430651,0.0361690085598664,-0.161285771412403,0.0985835878237395,-0.102488628920702,-0.181744981035805,0.0534057680768236,-0.0106827312072959,-0.104252360338923,0.0964029121738359,-0.0786792381825858,0.193305144195775,0.161295789740156,0.0301127135555525,0.0485561312635484,-0.0991094072810864,0.000444263437194982,-0.0742388304902172,0.0664565719208076,0.0683205300637683,-0.196587055492489,-0.017131211553634,-0.01531571514566,-0.133205667577941,0.13767324958752,0.073395655575121,0.220297392058384,0.101638335811903,-0.256481181054205,0.0316382047851618,-0.0772450268812883,0.0945867332516713
"R12204",-0.0976332994805036,-0.00709439262090755,-0.126961489136944,-0.161272669682534,0.151531267430125,0.0765571152413042,-0.140273187605907,0.106125088715236,-0.0432733225351687,-0.0225478158558474,0.122152452911619,0.185067240389404,-0.041014156069047,-0.00194384344582062,0.137282194059485,0.165944430408605,0.149094964259674,-0.0564968966185608,0.112497215519593,-0.0158721896772411,-0.0928947741281247,0.100028695235318,0.216604430565222,0.177507791346283,0.0305869711198061,0.191260392926093,0.110719863699474,0.241660831843147,0.162912322647231,0.154821806590233,0.0112093746286924,-0.162513218155834,-0.0304579211243812,0.0825944536592856,0.0480680030584455,0.00528717776741958,-0.147522043654844,0.00243522887587102
"R12206",-0.0182558896560135,-0.056742324931357,0.0152707868106485,0.0463995996944138,-0.0446919145767569,0.0708207707911915,0.00239216965257117,-0.0977792202023995,0.0381202028599169,0.073445694030487,0.0409804471128953,-0.0109330577979129,0.0794165556967604,0.0563024363715646,-0.0596249735356415,-0.00750757196217113,0.0126993990886771,-0.0821575171078495,-0.0430669942984833,0.117923880736489,0.0194773593231419,0.102549154823838,-0.0192610137668437,0.0944750594853018,0.163052658139548,-0.0765671703352834,0.0344799908549878,0.0430818947931666,0.109873329542053,0.0111035929311969,-0.0286365993829895,-0.199623664058434,0.0137342940702843,0.0806517374980864,-0.0169382394065557,-0.0618810283706004,-0.0105030332341325,-0.121935668882456
"R12208",-0.027010100784403,0.16769663332458,0.0669977966762037,-0.151809597252048,-0.117538089743295,0.143775334793904,0.0175311994966613,0.00377147369117505,0.168754153491659,-0.166686982403846,0.147133178776571,0.0580987902385433,-0.0412974310814119,0.0690883714732833,0.189008490124693,0.113812341909774,0.0949643408104211,-0.202282980417092,-0.046029500246618,-0.0459751848095764,0.0706208919720099,0.0200149725118454,0.00266826251569749,0.0521159146188853,-0.00861669295362967,0.0398776013960641,0.230198473452408,0.0875883297638998,-0.06340410972809,0.0453687813192878,0.0818603963928339,-0.149774813775894,-0.109347053853363,-0.132293584762648,0.120260418065779,0.123035063480931,0.0985300674746295,-0.141362464115122
"R12209",0.0432945977963477,-0.202051830228165,-0.0863931792167574,0.12078712512398,0.152401442052821,0.0516362294031875,-0.18910616631195,-0.0847428601513275,-0.183534458398316,-0.044109765279182,-0.0579980957713514,0.0296654774736199,0.032421309849953,-0.00340014432700471,-0.0447053738909819,0.0433221715103807,0.0319629530895557,0.144897189969109,0.0879071194989318,-0.076732394908616,-0.252689412596325,-0.136222061593606,0.0602078634449512,0.00129300650429603,0.0468218090725645,0.119416504878662,-0.101970132311072,0.132581123031742,0.00848994312836059,-0.0241439378496045,-0.110533711108444,0.0105656737261632,0.133308993869795,0.205410528669671,-0.156174903271594,-0.0633574980485631,-0.204461800138758,0.0512734212443692
"R12212",-0.135315274351113,-0.104685544508713,-0.191163744078202,0.0417695752869763,0.163810302043073,0.00204444583756659,-0.000703252646204149,-0.0233085540926039,-0.131893713291222,0.0542727522339483,0.00213466180927198,0.15453502766482,0.0255510159508109,-0.0141228919022728,-0.0949662354090797,-0.0373236481577487,-0.0329106543856917,-0.0240025827195166,0.0112618187412684,0.020303371018336,-0.173530281158157,0.029851311542966,0.0838981457686201,0.0206859200020357,0.074967385376904,-0.00137567432846635,-0.0872355125752889,0.0518838918577515,0.0519878208813442,0.0716957527282972,-0.118570561816632,-0.0618730368419897,-0.0135777245422251,0.0824618642273125,0.087426805576025,0.0627907002943122,-0.120232580047903,0.0326855776185212
"R12214",-0.100639827010317,-0.0751475556399961,-0.0456379988440467,0.0693074876757002,0.013631901196037,0.181732058899143,0.0763085195177867,0.0100700920809935,0.0599108280166134,0.147632317358701,0.102025845921947,0.0166932999867561,0.00280056273384347,0.0277810314307115,-0.0970698848175684,-0.0370255565190141,-0.00735988081403251,-0.075539109262377,-0.0538460952920891,0.160497515231876,-0.0466208197812909,0.141510223943123,-0.00707203510480487,0.185768253563327,0.149319792393555,-0.0787112454325467,-0.0223489401660051,0.11566797683423,0.200419361567588,0.0382572027755155,-0.109942328621923,-0.115309333198912,-0.0254185088451316,0.0705759846161359,0.0060277287487435,-0.0130227594109998,-0.0060887420218333,-0.0529195429778372
"R12219",0.00230052637404773,0.0331078694510708,0.0376667587889914,-0.221953031790912,-0.146736480339239,-0.169485538388628,0.0896653942741341,0.0796434220518134,0.0964194450144365,0.175973604754858,-0.0873598873412378,-0.00849412599964781,-0.104856167718634,-0.0923297424686841,0.0271371561609191,-0.0288550495700805,0.09586770874628,0.108498866303813,-0.13337590335044,0.0516455695470532,0.160678716737208,0.128739871284163,-0.0757919410024692,-0.127669755269766,0.0141549565653872,-0.181933550649397,0.0924196629584517,-0.180036357446792,0.0227452374450121,0.0623801757003445,0.03987867424779,0.134694839786425,-0.0655745730384707,-0.098828592511919,0.0641080465398323,-0.0024467199409589,0.0723619108167016,0.0978631596637773
"R12225",0.00786626156475045,0.01336008301143,0.0565142507174375,-0.155592892397774,-0.162435657494891,0.0920373818344477,-0.00809482606847082,0.092536854332352,0.173101982008252,0.0244347795406805,0.0372445650950997,0.0161382935919482,-0.0230463835056377,0.0579165511184203,0.0703708795649352,0.00210361503456089,0.057021531139691,-0.0489241302728003,-0.106827413803915,-0.116315268879111,-0.0137924428426871,-0.131580566877479,-0.0819368701510258,-0.0594556908146247,0.00529606163973639,-0.0720115404777145,0.169456984823395,-0.0153704371460622,-0.127279424976235,-0.0491514868171841,-0.00683810975724561,0.0360896959456333,-0.0130158683311515,-0.052771276208655,0.113697646109789,0.0940333411506343,0.0657341598247028,-0.153889202628198
"R12226",0.094009332437869,-0.0633002460803391,0.0354599339557246,-0.0447623036482329,-0.0608893086761764,0.106677781219472,-0.108522237875842,0.154357847612507,-0.0254591146825782,0.0987972447855797,-0.0466990039833369,-0.0883583770835124,0.0230305849573955,-0.00215249779957229,-0.0357619992621549,0.0184766445508903,0.0308836653737287,0.0789684843785327,0.0456619654824085,0.0412094598186046,0.0100521721132422,-0.0675527001334824,-0.0106857668192246,8.03821802994343e-05,0.0461019706364852,-0.0119995057887611,-0.069509500764639,0.0580509532165944,-0.020168906199246,-0.122935458917015,0.0681241805309166,0.0144245102518795,0.130833386724889,0.0731992158469526,-0.12571856102704,-0.0124656586519625,-0.0786117993838803,-0.00440418384610444
"R12228",0.0597562083175443,-0.0895312827740387,-0.0626796494208886,0.120421317373564,0.0726565528715196,-0.00234700104505603,-0.195514247493847,0.163308777664588,-0.12986091801861,0.104079793642693,-0.0673864458030788,0.017837246895313,0.221588264254954,-0.0833632053147856,-0.00736055240217601,0.130577515466763,0.0604666338901192,0.198199978077238,0.136056703042284,-0.0756022595463496,-0.0736204050606113,-0.0692980945219442,0.116469099593703,-0.0630234241493967,-0.0323140982892182,0.0368719117378371,-0.0796966324618758,0.0980996159907416,-0.00249001843855828,0.0335056989298276,-0.085799167066353,0.177615630141704,0.0938323183744435,0.0993054049894151,-0.103555781083526,-0.0227066884032815,-0.215053169896523,0.183620749246368
"R12232",-0.188493312021684,-0.0567649591584111,-0.171557720258832,0.0716592716442843,0.0528069266319711,0.116787795272121,-0.0716789541631779,-0.01779538321412,-0.0161471738606455,0.0122252306065134,0.0979390036395153,0.154117165041292,0.0894427045440664,0.00134019014535325,0.0623067199447127,0.00624974531880549,0.0964504060423803,-0.0945148582834694,-0.0575683692367935,0.0263213722705137,-0.160098836731735,0.142426036367067,0.0788456106090695,0.102334176321887,0.225028190499077,0.0486564036994642,0.129259046342387,0.121609791331871,0.124026990054409,0.116437033461002,-0.136493872769267,-0.159184060820299,-0.124854251873538,0.036922814535447,0.0230652294377225,0.0487424962822308,-0.169402306608183,-0.113307846878085
"R12236",0.0381169295105408,0.07246789571694,-0.00833179613553809,0.0500029988039412,-0.0196683504555116,-0.0919393025378949,-0.118391963737411,0.00309056301083802,-0.0415391307224262,0.0489386483254043,0.0393430408370271,-0.0161334470135584,0.00544486300818583,-0.0533477250445022,0.026624423263939,-0.000633115184691332,0.00301326237243478,0.0920284359714144,0.0288930995613668,-0.0958226927662067,0.061025462503251,0.00711320156178173,0.00813088821539993,-0.0755340296053066,0.0195081214267504,0.00290301943102479,-0.0375914076458943,-0.0489489031073392,-0.0203832001996628,0.056913484837691,-0.0456200571967081,0.155293872861734,-0.0151926000937127,-0.0824230122124702,-0.138584035432775,0.0438291751052042,-0.0885526614741475,0.10849673417405
"R12238",0.0218162788186405,-0.067438279768542,0.0455761632709298,-0.101873559142024,-0.0823696477499548,0.0960019884509311,0.0105113838912561,0.0694417850726878,0.0913603328776674,0.0218984250943853,-0.0402591326143482,-0.0621270998328266,-0.0677151575636405,0.0696763563423996,-0.102541254411717,-0.0134680754108245,-0.0672595564010496,-0.0402778955127551,-0.0907674330207511,0.113152197653026,-0.00777605973747565,-0.0139454507956298,-0.117971137355399,0.0266894256674398,0.0131958887874183,-0.103927362108814,-0.0209500423890147,-0.0650275819481512,-0.0564926374211592,-0.148573275878851,-0.0764916001404587,-0.0383165896603908,0.0791532875041829,0.079052758059262,-0.0148212579730424,-0.00433486574553297,0.0350053749263395,-0.120001385510034
"R12572",0.0837752151117311,0.0587905911652378,0.0493362372293704,0.0351584414501497,-0.0580322604952296,0.047844878077804,-0.114509597867843,-0.0593910831223168,-0.0234159772995001,-0.00280219780494748,0.0393537281719268,-0.0535446876029292,-0.117711744831838,-0.0175992690387544,0.0676053370939166,-0.0284191207758642,0.0716576765551905,0.0734098153412486,-0.0133184658868267,-0.0495259295674932,0.0678340500276263,-0.0656289910437913,-0.03848297815964,0.012572006225204,0.0415085435682308,0.00697079388888127,0.076835323396401,0.0159750170715345,-0.0167388819428023,-0.030746061782164,0.0115576398832816,0.0884571880261449,0.0293274521929906,-0.0493685029342667,-0.0895734528765884,-0.0508167936492562,-0.0653981741289372,-0.0240113416436744
"R12574",-0.04333964707106,0.070833522009722,-0.0920920475460586,0.00489712711666256,0.0799699836147805,0.0432691384344345,-0.13568764707159,-0.0620626113723858,-0.0481466618769497,-0.164304811198013,0.145034081813561,0.0909258069858285,-0.122828420992358,0.0151550275762567,0.139693867631923,0.0941976815180878,0.0574750422578805,0.0226758570294583,0.0812454659978857,-0.0926111728276942,-0.13712996506002,-0.0193908402104219,0.100596010515394,0.0927195146152906,0.0129808200913182,0.208308093126058,0.0795589875717735,0.162909994384268,0.0178916677593969,0.0839843992639417,-0.109861313953053,0.00658477600821035,-0.0236465077567093,0.0120894605498782,0.0377394510300973,-0.112225629121516,-0.10557553920033,0.0229215358098442
"R12576",-0.0468157728235818,-0.0494194468905563,-0.0630739233903385,0.0281726646894135,0.0554717051376173,0.10596839339016,-0.0591896169740056,-0.0131474673751156,-0.0420314690595099,0.0927885273338251,0.0384983594493703,0.0291167080809895,0.0271368808463355,0.0494933083244083,-0.119954310313373,0.033218690427422,-0.0929948053416247,-0.0108666766431863,0.0272872903884703,0.133868534921356,-0.0454635987066521,0.0968979243254861,0.0195304725386725,0.136143661340304,0.0586119719259735,-0.0552124291690145,-0.0747675031229245,0.113497641672788,0.137216403382373,0.000276398902741479,-0.113835500502009,-0.045095917935255,-0.00932048119324766,0.053156421224754,-0.0428869718474179,-0.0897996845340534,-0.114645627808949,-0.0376166297358158
"R12579",0.0641243952421832,-0.117180423225969,0.116006741385993,-0.142623681371381,-0.12401385022092,0.152768035933368,0.118567685136384,0.0638428827547947,0.135736472243821,0.130083045387614,-0.133498294761324,-0.0860143498038521,-0.119408649943534,0.0907767701750526,-0.140194043948373,0.0999163575411935,-0.0149761790424179,-0.02901535619968,-0.0542759081659028,0.147515312757904,0.0377912335182408,-0.100170394874623,-0.109782942001001,-0.0541951912094313,-0.0416676380329707,-0.112984174450777,-0.0311508120484683,-0.0421795829342318,-0.0964799057049425,-0.212847865742045,0.00104740757854934,-0.0941992027835248,0.117540861026614,0.118382154893403,0.0214910593587472,-0.0345094070848037,0.165611449016557,-0.162618277954376
"R12580",0.101106445372106,-0.061634330593015,0.0975901058039564,-0.0946239467688757,-0.071194279449639,0.112777791382796,-0.109397808234508,0.0166637951630789,0.0975901742190872,0.112283317753707,-0.0487814797121942,-0.079258347187213,-0.116810042535267,0.0591607913900155,-0.0156294209095894,0.00765119343382658,0.0377884493024805,0.00687064917949266,-0.0251311266891101,-0.0646243370440363,0.0395018454982931,-0.151260585657624,-0.0652158400826962,-0.0281530754752599,-0.0866553197270315,-0.0594569145138453,0.049971521223645,0.0352361793108154,-0.0736732689806561,-0.12950732588175,0.101649862227281,-0.052238935029159,0.104048616032415,0.0613289800392722,-0.0679398567114745,0.0802695568725217,0.0126034920963559,-0.117940469180651
"R12582",-0.0631212930590355,0.181489611699657,0.118026844017504,0.0636323806188114,-0.187345421535659,0.252287751832321,0.0964552355081913,-0.0382236409317108,0.294548413127369,-0.22186732561579,0.432403695950296,-0.0647925960588047,-0.12739439125255,0.378156425194231,-0.196143154931156,-0.380493219788921,-0.269551353046272,-0.238741083257834,-0.308291632600754,-0.158053979700596,-0.264962058513875,0.0508891218707495,-0.297793655750226,0.267080562603275,-0.0311645449413005,-0.314768158999526,0.050327465030036,0.131369754921376,0.0889793314497099,0.0980711903255297,-0.316038962776277,-0.132104751137513,-0.298371189492913,-0.253527515472504,-0.0545964681467781,0.00997856005436712,0.0381315375967003,-0.293771887414018
"R12587",-0.289929205984911,0.154522422682878,-0.300360087726913,0.146029379740273,0.244049298894847,0.0110782573822418,-0.0249597034107842,-0.122899418879421,-0.199671815910515,-0.31590636324096,0.205704758531875,0.269938854520806,0.109984783018183,-0.0457652379461134,0.200514068977341,-0.0924701601896341,0.00128229879352167,-0.254624180636434,-0.044487040981124,-0.141987025687525,-0.223789308758788,0.0850076229693015,0.177728465734609,0.139140892709828,0.0567510343946859,0.197643690125988,0.072691567063439,0.169587748743969,0.148901461692578,0.276936123147819,-0.0312658630714634,-0.152787151535809,-0.278120739218988,-0.116561975604519,0.223803610627317,-0.0118295882008278,-0.158806174378253,-0.00380570448662165
"R12594",0.0625604344855595,0.0400728740952229,0.0230077455225405,0.100457110995401,0.0101774064581624,-0.189162631578202,-0.144027427316225,0.0385073595331842,-0.0981264870449741,-0.00271906615794254,-0.0619977166164804,-0.059077844332211,0.0156878771426972,-0.040577607994614,-0.00751067225654124,-0.0864048158914712,-0.0415394719492979,0.134482111725781,-0.0213690465515622,-0.208192087819803,0.00498915468489961,-0.0466904322103598,-0.0397333834675926,-0.171641130283965,0.00314066765937572,0.00550579730075306,-0.0469695383717667,-0.117105423225629,-0.0430704452274713,0.0359164238775603,-0.00413520351818624,0.179496635454017,0.0229459575644432,-0.0763788076811767,-0.134149210890687,0.0173673761952048,-0.0826247028762196,0.0956018746268099
"R12601",0.0232902613517967,0.114136321497574,0.0940038525134934,0.0228707466123609,-0.144732751699352,-0.0442007760333478,0.0756064006783173,-0.245825921970572,0.0674831567387744,-0.0685204535252463,0.0414633469841883,-0.106423836346004,-0.0381764096168715,0.0378024739439195,-0.0337769723721572,-0.0868309971587008,-0.0796613741822277,-0.0155603526074799,-0.0959584044194518,0.0746250622225818,0.137724232652254,0.0204569542617633,-0.132036688787803,0.00539049755661085,0.102119780494569,-0.039852784670553,0.0389396078129741,-0.0912064295636274,-0.044045346669101,-0.0793169743774715,-0.0486159940889767,-0.01832471278769,-0.0136016150651912,-0.0953027591816522,-0.0149941041206384,-0.127684203478394,0.149496385992369,-0.0958533346122144
"R12608",-0.0352687123725657,0.0487066734806693,0.0173109766060208,0.0347460506608327,-0.0522256789298704,0.0112101564068645,0.112818461819,-0.163286099890408,0.0421184553115645,-0.0700339715934772,0.0576153337699611,-0.0218067946784767,-0.0425931319728356,0.0307054618737689,-0.019188714628005,-0.0780784485799336,-0.0518056460914769,-0.0345218986764616,-0.0807044869471967,0.10105931117116,0.040447191903522,0.134409552671528,-0.048070227414055,0.0747579589526607,0.108045174706252,-0.0140645165168106,0.0176288182313249,0.000308218526808263,0.0364073767789547,0.000662148585818758,-0.0252080651860244,0.00865173154268342,-0.0531010212774065,-0.0402268309512378,0.0529704080443045,0.0386490626939398,0.0722596000943537,-0.0329259310506282
"R12611",-0.0206863243888446,0.0436867217061146,-0.0764274473226926,-0.0208429811611925,0.0697125896426134,0.00435142335834555,-0.153537095520922,-0.189875169767655,-0.0732058221622304,-0.0394024288308424,0.0871725814734692,0.0721392687109985,-0.0473949177948613,-0.0180103153970297,0.0841961946156906,0.103088403162248,0.0510390160683657,0.00994371273340384,0.0644437013228314,-0.00379271720898088,-0.0605627538571059,0.0321968097780146,0.0928048370819662,0.079763227667175,0.0612253965862588,0.09243203100842,0.027057826014879,0.106621622345842,0.0371582220933034,0.0723473202838525,-0.0404622763449697,-0.0248988947117613,-0.0201862685815069,0.00117406234500816,-0.0568403412271285,0.0347254402527847,-0.1670280316638,0.0433908601261127
"R12618",0.0379859059054448,0.129371681310281,-0.0023751756455641,0.308998693281157,-0.0236967614631533,-0.0105862094441413,-0.0593466758475588,0.0855155796187798,-0.00974256420563894,-0.00617238266471045,0.107007524826607,-0.0697585633113884,0.0444577647199768,-0.146312332340212,-0.0162966049299149,-0.202231936880239,-0.0674892808382012,0.180169354271393,0.211503584065558,-0.0534799202826241,0.0773825680705127,0.0365111298147871,0.0755618574960834,0.0571582005786438,-0.0250191875110146,0.0954746799165824,-0.0525945069374015,0.145353756842936,0.0489960446289007,0.140682967151614,-0.187794920321178,0.21592278932739,-0.0739614914823166,-0.152039789501514,-0.129830791018209,-0.250856857683077,-0.0440676497875798,0.226171162616192
"R12619",0.0101793247903359,-0.304914878696736,0.0193252856033181,-0.182168548884413,-0.0069447142269911,0.137387136634478,0.0584932610119878,-0.259882848419524,-0.0221763643252952,0.0374851114322751,-0.185707757999873,-0.0257949955937823,0.0333412527714252,0.318403099862679,-0.137606748639577,0.190229998547509,-0.0326766209349106,0.0115227093454127,0.0405444348394533,0.262399270509581,-0.131781490830145,0.0380084562451765,0.00216150196752972,0.0225215043319389,0.111679213465148,-0.0253198915320812,-0.00336382547833703,0.0455899443293436,-0.21394076491042,-0.233597632622867,0.0608459324855003,-0.157258877833671,0.179471851443064,0.218706770996825,0.0483878600916662,-0.170851607645969,0.0804508971771255,-0.122991249410315
"R12623",0.0316491202581582,-0.136791999039062,-0.0466898282377777,0.138757146040311,0.100154029807811,-0.182377946398861,-0.0543643029503832,-0.284388801635158,-0.179659685016721,0.0476071917412606,-0.0845255408358942,0.0043558327902527,0.124765488818875,-0.0574239366431237,-0.0674405117771537,0.0157927362184923,0.0124908093824247,0.142079325907404,0.0650348558390139,0.0182218808197936,-0.126513854028255,0.0242349488313417,0.0340619245897566,-0.0997599847283605,0.115555225121565,0.0140890347624127,-0.184469613649051,-0.0744195184572788,-0.0406546916895422,0.0195806745746803,-0.082730999387216,0.107668902532854,0.0788709567597978,0.120775708548291,-0.103046854443859,-0.16575103530148,-0.170586955382761,0.166487135292228
"R12628",0.016384541422358,-0.16089529222519,-0.0384360611831939,-0.0609104340245916,0.106762611800857,0.0348247300497804,0.0609695706814308,0.086124868518011,-0.108123776927177,0.0976481378564634,-0.145274339639754,0.0435771105177921,0.0718412560975846,-0.00493783797613119,-0.0835524008906596,0.147218739562265,0.00849288934664335,0.0243005125100643,0.122234728858539,0.112124187674232,-0.0912349388241645,0.0043837326741368,0.0885460835436627,-0.0311864701217927,0.0112628301426381,0.0148813550489106,-0.119260143956332,0.0308410177674759,-0.0251169334867413,-0.0918518074770498,-0.0662317448513933,-0.065701033296798,0.115252246961404,0.178742540031256,0.0439719079319092,0.0142784577164847,0.00214707459370698,0.0726284169729039
"R12629",-0.0708029172475659,0.145685149503527,0.058802418327044,-0.0968507501652403,-0.168830320895563,-0.0754076036710834,0.125133089481165,-0.141760008741322,0.133006012575466,-0.0830601959932575,0.00895738912370273,-0.00785679895282984,-0.2614452745587,0.0132209318472733,0.0517153875235739,0.00408780514634419,0.0187726234664978,-0.169683516545315,-0.117834018121842,0.0478959049826328,0.143575699747158,0.0641584906539684,-0.0774608606048903,-0.0288195592731012,0.044046161383678,-0.0806797902705223,0.129857231672558,-0.157958704979113,-0.0380416842658034,0.0210675288200701,-2.52418371088792e-06,-0.172664466943999,-0.122575150534951,-0.161580616619334,0.0809105774897108,-0.0868515978047525,0.178535571631477,-0.127021715845365
"R12632",-0.0691241356213468,-0.104405376717201,-0.137372581840241,-0.0327629738951807,0.201437476968528,0.0019414514854546,0.148649163533091,0.0173743118935122,-0.135310347890016,0.042967120828259,-0.164354803823834,0.117875162167885,0.118715105642432,-0.0337722161785052,0.00668742124941665,0.096576089232585,0.0460524108710041,0.0193576959899615,0.0718295895130241,0.145374608614542,-0.0393169747465592,0.113179427628243,0.110485493160377,-0.020264231670781,0.0723813924938052,-0.0116648020956751,-0.0897879675860683,-0.00211633466275539,0.057233143693507,-0.00767870619588775,0.334154930923354,-0.0574062639106351,0.0769086654475606,0.159097356474509,0.150632888159781,0.0175470052285007,0.00996028640887613,0.0882212153738507
"R12638",0.287558967448252,0.12576101811106,0.196460969472854,0.0887989401468203,-0.0560836148206814,-0.163704731366584,-0.226425818065933,-0.11004524068072,-0.16546156233209,-0.126268368597323,-0.225964069322087,-0.265826063768493,0.141419402355616,0.0104179283921747,0.0134793352460187,-0.0172864412762762,-0.138106942088757,0.145771366867151,0.146003496570855,-0.215239981266446,0.14360193233417,-0.333813203873788,-0.142500532010933,-0.298261122336569,0.0463346437399076,0.210672163671499,-0.155742236945066,-0.229348599045919,-0.332632976879342,-0.276789679825047,0.191275789811964,0.0892538290081093,0.210488538997132,-0.0857704737238764,-0.175612210079477,0.194464420573796,0.0309914230004018,0.0760218806808059
"R12640",0.0558940260770954,-0.0528222196737665,0.049510593722994,-0.0516467145542775,0.0462017155477231,-0.0496789106288867,0.0404435141607822,-0.0394881769826292,0.00167237025546571,0.103178739081916,-0.112293969189012,-0.0295691989557149,0.0515396326948757,-0.0120757933333063,-0.0604602156083905,0.116944932808487,-0.0128434334446076,0.0586825796348656,0.104222788597041,0.0646253957185232,0.0477244388084758,0.0200767036888947,0.0502439452402267,-0.0513114770794591,0.029627075834919,0.0140692042512227,-0.100460335967596,-0.0142224849166208,-0.0301803064476308,-0.0490322830988032,-0.0721510118764449,0.0342777693183832,0.0630836976693409,0.0487844980862629,-0.0488144048214566,0.0384759265169153,0.0489732692829994,0.112452904264471
"R12641",-0.0740085949856969,-0.0521780221586416,-0.0169827474561395,-0.0121263433884737,0.0203517099740137,-0.0800433828338887,0.17673154842339,-0.0456778503976659,0.0566080318080994,0.10462326358424,-0.0361887608923487,0.0505299011538293,-0.081641723241304,-0.00748151595894994,-0.0251309980386552,0.0977325894764993,0.0506208697915135,-0.0538031976991611,0.0239741925262175,0.0794278252192077,0.0111374044098093,0.0954074133198632,0.0605968830060431,-0.0109099552491943,0.0440851857633118,-0.0397010127790121,-0.00403877741791618,-0.0482264270778013,0.0384778897998216,0.0465956140683724,-0.0806848948928232,-0.0316231185657888,-0.0338870601288265,0.0249658687651544,0.0974015424512936,0.0677054693749508,0.10511283385673,0.0668180974508113
"R12642",0.034643301043445,0.109176367925237,0.120654723483151,-0.108856420636349,-0.101190990449357,-0.206574870112567,0.203749859753151,-0.0850068661618196,0.120529750702032,0.0530692810201858,-0.0024558251581916,-0.110984272750289,-0.175871195596985,0.0119362797881651,-0.0599521795408937,-0.0464976640144072,-0.114070754513435,-0.0949023039144756,-0.0915506696402288,0.172866648188654,0.254382578361999,0.153526024266433,-0.116095092514233,0.00954134440116064,0.0322399152712249,-0.11840067938257,-0.00955141583430882,-0.226856377804486,0.0427731302183105,-0.0284107928760941,0.050196159547501,0.0352785403310688,-0.0319684881656589,-0.0907772151579433,-0.0205083682220183,-0.0612509338045989,0.200879694738645,-0.0115504701591541
"R12644",0.0448744940514991,-0.0725965127399643,0.05519582909579,-0.124224461956757,-0.132807728858194,-0.0259164083587809,0.0039627290431351,0.0584699611576469,0.102892004671491,0.176891477640749,-0.164466705241407,-0.0545130961412393,-0.15302012105628,-0.032532622814962,-0.0164824508457565,0.0147004305517877,0.127765339756963,0.0717380473746671,-0.0544880137430445,-0.0306217413079816,0.0760436573140911,-0.0545252643928186,-0.0493942664831006,-0.161443719136682,-0.0707550387759485,-0.106771642516777,0.0764469802579625,-0.12644612746889,-0.127620917055299,-0.0480551094446691,-0.00526150830412325,0.11530368489627,0.0797023341308498,0.0268507634626598,0.0119740212823995,-0.00709090112791548,0.0637270230518465,-0.0277310270568682
"R12646",0.172214088317033,-0.169707544017345,0.11035998396298,-0.00518263105467968,0.127578132212859,-0.0229815149278271,-0.0678021753182043,0.100901807702814,-0.146078461207256,-0.104439399896269,-0.19309798111892,-0.109933738521174,0.135429003421786,0.0771686645927173,-0.100510534721751,0.0582937752188347,-0.132630678215721,0.0998036937708063,0.17051503337381,-0.0798221597518143,-0.161368524444231,-0.236425588568275,0.0296117451278285,-0.150813078578171,0.0219543910364682,0.177557156134735,-0.16880331843424,-0.0221626988577363,-0.193818766099958,-0.164926114916705,0.0816592903527836,-0.00952956265765617,0.205800712857695,0.12549884670264,-0.103514027197739,-0.106804511025964,0.0151635320587075,0.0259115121688841
"R12651",0.293484977283945,-0.0812701725139675,0.156741991570192,-0.248010558091847,0.204098661085936,-0.134118035764809,-0.183859594468079,0.100210534302473,-0.221758594796298,-0.0566750081340999,-0.205354211928844,-0.216699344148174,0.00673168740105816,0.0729766785316501,-0.074655388863417,0.0700980338985795,-0.143863742583178,0.0774756654583868,0.344201026751681,-0.00433584514926038,-0.0313124354508222,-0.306756331893964,0.0785429679087439,-0.127149666901092,0.03092927619078,0.341599937998157,-0.228682399860984,-0.0238424936005713,-0.199180709523041,-0.251271350218545,0.18346473211472,-0.0523869599254754,0.303066823340928,0.103809413368133,-0.187179779643072,0.0755469715930551,-0.00819459850222571,0.0815403631187631
"R12652",0.0480184709176908,-0.13701187420535,-0.0759239725901732,0.154529049602289,0.260508684335625,0.00321926675348966,-0.0356873801891967,0.0265625884033447,-0.164833228656066,0.0608319776608008,0.00151168226451257,0.087192972100859,0.145278991705496,-0.0541355545277629,-0.00818215494616002,0.124200936233681,0.0452430260685872,0.192161146842112,0.219070266604241,0.0111995410240349,-0.165585190874982,0.0045365759474379,0.180061425027962,0.0701386234919683,0.135370154440809,0.17040453354216,-0.157666038193605,0.0808965702309395,0.154970687901793,0.0398996886415149,0.051855202479219,0.184596929376837,0.0973054040557852,0.163951571778566,-0.0858642505630694,0.216370133360628,-0.137720661277259,0.255177398410123
"R12653",-0.233182961459029,0.0242764030881516,-0.215546686186301,0.0273364054886661,0.0449436367704793,-0.040183086828755,0.0773803813273859,-0.0153941436325177,-0.0818045305447328,0.039028716422104,-0.0967867623050862,0.236342937525236,0.0828127984675429,-0.145475819573304,0.33291391967686,0.115437458193135,0.318336184422519,-0.021482589782357,-0.0220613225344044,-0.0304968499889798,0.0268922236625733,0.093920344016575,0.157366705645735,-0.0525312593737218,-0.0694394301739077,0.0396624447410599,0.197473761232986,-0.0135965425008327,0.0434708856488485,0.158594245315661,0.379075227220825,0.00257475762514409,-0.153146673042388,0.00326434010111192,0.335052449508663,0.0936720808106505,-0.0166162244326928,0.088392383179538
"R12654",-0.194656761975641,-0.113212626863611,-0.291596025721448,-0.0600914747554845,0.105585116922311,0.0248009013084438,0.0477598338594534,0.0517526116151549,-0.075904487285666,0.0709738027457006,-0.164141877835975,0.276724687116705,-0.00614689622558406,-0.158297051913766,0.342252728563723,0.181261183441026,0.34316636375537,0.0176015236362863,0.0563345450159373,0.0744465935902527,-0.0600638210696553,0.0645950898815738,0.196380991857033,-0.0736454842338971,-0.00448363199350528,0.0577550576051744,0.173680282614817,0.0261461238290858,0.00828586398187165,0.0223877591399124,0.352066224433484,-0.0114043266541663,0.0244180828274795,0.154021094486082,0.348831792104116,0.0493076718125545,-0.127939869895162,0.0437397106961422
"R12663",0.0187879050673285,0.0115645821797028,-0.00880496723725454,0.0507517696151694,0.0325109729511755,-0.0793575133731753,-0.0207272702061624,0.0607615001050547,0.0176609348959522,0.0586137501963795,-0.0492880470857354,0.022711716514741,0.041972674639998,-0.0536298015386102,-0.0129137258102956,-0.015244917593998,0.0256247634806436,0.0869084547453792,0.0145442030977406,-0.153366014682611,0.0133456017157878,-0.0346954989609872,0.00359212827162169,-0.120218324541437,-0.0625612924966164,-0.0216750460917457,-0.0167493665557403,-0.0467018286624717,-0.109183805932261,0.0280804414039292,-0.0218707752285936,0.146161876299642,-0.0357503812909992,-0.0452526712647921,0.0399152733878864,0.125383300045673,-0.0265881278190604,0.0978973316682805
"R12673",0.0821081791115967,0.0890483439976312,0.119576771556102,-0.0242657190043076,-0.0976940857116516,0.0555142618342968,0.0544200147579895,0.000886182613583713,0.0690351881071975,0.00795135979924986,0.0411644163960056,-0.106735547633991,0.0631876175726905,0.0541094978092839,-0.0160397329657281,-0.0427300045729429,-0.0896806956950896,-0.0114437559139511,-0.027885105789376,-0.00974343129821296,0.106372423260328,-0.0163573481959626,-0.0840375579252266,0.0215276689846465,-0.0257319747771381,-0.0319217482650251,0.0197863307324522,0.00935794982562012,-0.0389412980907316,-0.0530049611179909,0.0460576016438375,0.00726419614118685,0.000533654985761035,-0.0881081587684279,0.00146528275509148,0.0174145583325772,0.115431539323282,-0.034733757714234
"R12674",-0.134433734853779,0.135054417478891,-0.122037929514372,-0.0222788267009411,0.0757522120007097,0.0169179275710125,0.0550698356820945,-0.0284635845370075,-0.0819992192922032,-0.15074270377516,0.207012626689122,0.112762932697216,0.00682644399670691,-0.146859836170413,0.0550442280661481,0.0305021055275685,0.00101682687860198,-0.0925844061775064,0.0123943499011604,0.145850875921631,0.0850994769623566,0.22748974727124,0.147520903139759,0.321712073769134,0.072675862789233,0.133777304071603,-0.0130603293893437,0.147068386180732,0.355725765646455,0.187272461651658,-0.0512158501021116,0.079806338997703,-0.165250569108474,-0.0550729784310675,-0.00250528232015389,-0.224533138792518,-0.0484980353615197,0.0782283210061772
"R12679",-0.142596140914448,-0.175071921847472,-0.167438740417802,0.100825220568906,0.221973932057753,0.0821634700757091,0.0880467784848193,-0.0719092585506418,-0.0357752715290315,0.100599197648873,0.0111678298130338,0.171697021288203,0.0144330605888647,-0.0610021333841057,0.00133442940168614,0.195734705789008,0.147677475276884,-0.0314708923995014,0.101375772807494,0.188024978920245,-0.163789156590988,0.173665263830185,0.229207750431629,0.161377577747912,0.0763310022161407,0.0447062483208831,-0.0196099909067889,0.222840604083322,0.232138038277143,0.127130331398048,-0.146176027237378,-0.119418944602596,0.00621833130702679,0.235530244291431,0.0401058901810514,-0.125418456026051,-0.0738063514504447,0.0741987226690915
"R12680",-0.0274413610449316,0.0536764294740043,-0.092941007126976,0.144716682717971,0.0104071665400004,-0.0325425728852067,-0.138722610697712,0.231857840126878,-0.0307468541232115,-0.0166888581478293,0.0129503519035072,0.048702432519846,0.231435859384571,-0.203434718742427,0.0817429581255295,0.0227823293535131,0.102848851846288,0.187832665756962,0.072921816543307,-0.162153088229583,-0.00121490491545705,-0.0490070017500416,0.106562601617963,-0.0707672463397469,-0.127777303778028,0.0602594477794335,-0.00257506563967615,0.101318906980278,-0.0203250055203838,0.123070476895217,-0.037337473162236,0.26945299511531,-0.0594864357485096,-0.0568359834300111,-0.0795495901955528,-0.200453518223717,-0.10928154779288,0.202565128395964
"R12685",-0.0252214043679066,0.164498943482816,0.0492494481960876,-0.286463855330915,-0.0844025954304066,-0.00433275910361315,0.0954416392047505,0.104085607401936,0.0561278978375563,-0.162204762856578,0.10154092512943,-0.0239681762731295,-0.218891095099529,0.0656194700528149,0.0730641193625216,0.00367910317750048,-0.0346501939944764,-0.152532795746157,-0.0302456921969719,0.141963781055108,0.110526303800422,0.137525328690053,-0.0543968813531545,0.117795402603305,0.121915792217787,-0.00254272427084674,0.0681692027665394,-0.0565910558682224,-0.0640684581220341,-0.0122989902741017,-0.0131841092895746,-0.104222939087517,-0.0855072399904096,-0.124344831750024,0.0505092127912189,0.106983811241445,0.102541435929845,-0.0981686445983778
"R12687",-0.0105318245630218,-0.111265696487785,-0.0727215036789389,0.132246965395477,0.0513396531796478,-0.199753457996,-0.0352188117401991,-0.132012896417102,-0.149182042523748,0.112620983158428,-0.153119860160684,0.0411879474009717,0.0711653623844573,-0.124890494159007,-0.0180598775310522,0.0844759821425237,0.0942652849617148,0.193276320224509,0.0664458416069416,0.00833396072615017,-0.0427418649229234,0.0685936297695671,0.0770899829403907,-0.214819237401692,0.11430347228391,0.0104676064179702,-0.0861966565969254,-0.0948121314224384,-0.0297433217709905,0.0137785393698786,-0.0751290581844046,0.124065682562362,0.0440907498289329,0.0938631140017687,-0.0621075733587034,-0.208243113508354,-0.111323728383877,0.152124670295668
"R12740",-0.0958071054447792,0.00715792423347169,-0.00197357442910851,-0.200329382310167,-0.0384860034150062,0.0507708766015439,0.107731882751425,0.0662617106111394,0.170275314812444,0.113480598517107,0.0330835068307505,0.0400996958878305,-0.250567956136607,0.0348247299187318,-0.0109380591786647,-0.101623485641763,0.00800826458542404,-0.106343823349588,-0.0998144503188733,0.0379325883927818,0.0390826559553916,0.0511396536692091,-0.0320038359730231,0.0284155592346525,0.0191551097240836,-0.129630603820556,0.0854338295381337,-0.00155917344709555,0.0347443138310527,0.06936356149875,-0.0958875848554597,-0.0277966195029093,-0.0906381006641467,-0.0596861317758922,0.0681534890462578,0.095474750654465,0.0947761216753866,-0.134479033591937
"R12741",-0.131405690114725,0.010568120417448,-0.105233456750802,-0.0839914320640041,-0.0243849423524987,0.00585653490897815,0.0414573227444293,0.0951315749563665,0.0510138905600055,0.0529924828612624,0.0994596123090838,0.111981822581311,-0.253468009968236,-0.01480354340312,0.0765231925535825,0.0392295325367563,0.113920692747191,-0.0516997613094444,-0.0333437143791544,-0.0915450646700823,-0.0590878671491125,0.0329899163676622,0.0503610618468067,0.0242843442693177,-0.142950569055874,-0.0752537869011123,0.0688324116536234,0.0300010234291067,0.0471955897146435,0.0886056235758269,-0.0386100039926358,0.0542159168228689,-0.117633485156193,-0.0751906799014312,0.116374326340961,0.192429809473176,-0.0344838674596101,0.00018585666135538
"R12744",-0.0239056603001171,-0.0931530132157922,0.0133263099154692,-0.011023759937415,-0.0189410312237937,-0.0546696043568674,-0.00175801239652205,0.122508550506106,0.071802109607606,0.117030503789366,-0.0806713959071378,-0.00625691479433001,0.034906546543657,0.0057580031614118,-0.137602103239591,-0.0979219942654225,-0.0270434559527443,0.00947774985534465,-0.095532530784362,-0.0209803810519035,-0.00198738414978075,-0.050094758928693,-0.0682571873238985,-0.052135136764577,-0.267573127240703,-0.198363844751162,-0.027440398033591,-0.0741528696075802,-0.00710640432315182,-0.0056653942151082,-0.0943707855431105,-0.0389528824592699,0.0104873960968973,0.0464469578432124,0.0099878404004052,-0.179434282472779,0.002195138564314,0.0083054191807397
"R12745",0.046111152527504,0.0498040393217686,0.0979688374324243,-0.0291721233859399,-0.0628502035803171,0.122137060711756,0.0860193328255524,-0.0602854902517731,0.100733663175933,-0.0111641808645011,0.113733487218639,-0.0508239529378875,-0.0891437166920402,0.103218560871699,0.0433412917133999,-0.0239238780883144,-0.0278448067386118,-0.182379628608867,-0.0591477078048696,0.0545300612278609,0.0445792946781965,0.0294038638867612,-0.0672514712955481,0.0902058344845035,0.063992232195883,-0.0335945938872007,0.0983651991420627,0.026579108085103,0.0213584830121562,-0.0145470538183707,0.0747050129657406,-0.165422781883501,-0.0195125631280987,-0.0576603083064365,0.0363453509981604,0.165450488469008,0.106746411516138,-0.141438213698201
"R12746",0.0865971399766617,-0.0700420372606629,-0.0251700946262678,0.0710517444127286,0.0376463889898817,-0.030963526250178,-0.214242334316783,9.89818906468605e-05,-0.0781171093641101,0.0854339085046547,-0.0533719677356162,-0.0211360136700677,0.000913432588586122,-0.0661456070715936,0.0147096032986025,0.0971815120365417,0.0224670652839866,0.181987542635614,0.118459380171762,-0.207819958372619,-0.0635771451594251,-0.175249084397397,0.063338419082177,-0.141106708515485,-0.181992406778914,0.0512329292720766,-0.148620384386673,-0.000355849390538604,-0.155736071449702,-0.0688870798005966,-0.0596167674814303,0.259676302897935,0.0912113134708067,0.0575455934795227,-0.149441904300361,0.0563312458543545,-0.175631629409469,0.167942833563366
"R12747",0.0644023099408711,0.166960582066162,0.106101334763053,-0.0479575008084429,-0.0679966727709422,0.00106299421883779,-0.0528332811549255,0.180508276116585,0.0641787493001003,-0.262002052267357,0.0586469353340584,-0.0576026092938249,0.0524101204405311,0.0260444601366484,0.0857402136143297,-0.12191191970829,-0.0460232830979633,-0.0737892579929443,-0.0741422303042487,-0.228009446806289,0.116453054466167,-0.181952204064541,-0.0840543402058021,-0.0151350072373376,-0.337065727582999,0.0386253451243325,0.0432472151149676,-0.0341869867796464,-0.104874249998243,0.00142331399602704,0.0825400619272317,0.00794451025665267,-0.0653152514917598,-0.155577767935235,-0.044150788228846,0.0965305841510899,0.105418005209778,-0.0838291455190388
"R12748",0.0937919395311649,0.187024107432835,0.0883202327765428,0.0279451219249625,-0.123279697728824,0.0212881161784508,-0.0937244797793104,0.0302307012085031,0.0196281495321703,-0.169482597151202,0.0770834861511409,-0.104123684685658,-0.0318600240248562,0.0243532954482711,0.0839901487500327,-0.0748447504602636,-0.0773656394245913,-0.0635927799614423,-0.0348359805245332,-0.162582068681255,0.108880004356017,-0.156635302149096,-0.0975992996813524,0.00772185708890644,-0.159038341895673,0.0672330569962766,0.067301701851546,-0.0354609811844123,-0.0780040001506548,-0.00912049231427925,0.0174410885528229,-0.0475287032789139,-0.010715517857582,-0.164703086939875,-0.101951079326715,0.206129555684963,0.0281429604728582,-0.0957196441576609
"R12753",0.0231251901512092,-0.0792611138183483,0.0358682326162902,-0.109228098641265,-0.0211213510715683,0.0249478528030011,0.0493523210690155,0.159643516340714,0.0466229528895828,0.00140100660921678,-0.0610748867076123,-0.0576042796320248,-0.07503182135804,0.0371497349231679,-0.101697410093399,0.0247676428461849,-0.0400520284990491,-0.00597008782053421,-0.00649786608390709,0.0724294555693754,-0.0268221357816181,-0.100842564795309,-0.0380881568563128,-0.0129933725600704,-0.169770496117338,-0.045816982331496,-0.0325497747405744,-0.0245429426231548,-0.0789228364816212,-0.103819803730399,-0.0775861112451984,-0.0263910140754892,0.0541509189646622,0.085903342995477,0.00212201408743981,-0.0525280150040797,0.082507092693696,-0.0559665351572988
"R12755",0.0355974374329847,-0.05520571359716,0.000149421563759728,-0.0385440724912413,-0.00348109190577261,-0.00213744032946467,-0.136647878128929,0.135681096360793,0.00257474298580347,0.0758119526074538,-0.0143314563248625,-0.0322927960122921,-0.111552273641807,-0.0129524868346041,-0.049916122694057,-0.0602617596616261,-0.0315091062507192,0.0356011638286174,-0.041160606492546,-0.167614849758228,-0.0221213423698975,-0.149906960009982,-0.0327174481974586,-0.0243157335938761,-0.323422942461441,-0.0703271121785149,-0.00307895310144643,0.0311506879871859,-0.0294274938316084,-0.0216110401136492,-0.0533218720881083,0.0646304554707367,0.0147927048206956,0.0116141309563727,-0.06604537898449,-0.0346281672858987,-0.0812562024286101,0.024268860336646
"R12771",0.00432947640739452,-0.0647722157158639,-0.00807122661309405,0.0126622884854906,0.0428063828568127,0.12682626586319,-0.036535542214868,0.0862031938664273,0.0470816895710372,0.0452378324330487,0.0403740224452514,0.0128350327732164,-0.000807334189387596,0.00339120594254472,-0.0483466812150392,-0.0372985289786052,-0.00368787607163495,0.0188260216027082,0.00211034862472536,0.00541360483509378,-0.0416045176934758,-0.0347313284859517,0.026766373257752,0.0483392623644811,-0.055450853637352,-0.0148478416415969,-0.00112027106135088,0.115769591635374,0.0583961978724062,0.0184340954996919,-0.0744367740472924,0.0364955686328222,0.0151399848198629,0.0681598670433272,0.00221055335837079,-0.219566417314805,-0.0312943520640221,-0.0418704338112378
"R12774",0.0883051754548297,-0.0105569075147575,0.0613347985100156,-0.0470229542202494,0.0303619308759098,0.0542817106991474,0.0186654160945086,0.120845991742355,-0.0110444165333784,0.0573798079442715,0.00145772076826094,-0.023707128400409,0.0473177183224847,0.0250949320269357,-0.00608231365991056,-0.0137270041821289,0.0168219973797419,0.0733445375579218,0.0616770763948477,0.0345167455128141,0.0485841611685903,0.0204571812152982,0.0327220794431686,0.0349023971407871,-0.0259405341039051,0.0266410090007729,-0.00804508839702211,0.0896250793315974,0.0208878829051076,-0.038425591236418,0.0271995114869303,0.0141821586024821,0.0766508111337949,0.0316000372648515,-0.0526677043813894,0.108082261346161,0.0143632086930928,0.0204144299121591
"R12778",-0.0999044557887145,-0.00175732263960874,-0.0149119692840134,0.130878391551231,-0.0174270505278001,0.0690154308832695,0.0931838617771198,-0.0395846675354424,0.0663979729152708,-0.0262306803016323,0.0291946657460252,0.0142206338138379,0.121366696956602,0.0243039493952154,-0.0352119234147693,-0.079056317201688,-0.00196230730079492,-0.0781750660188038,-0.132183041066621,0.0570949298308775,0.02210569093404,0.0407081731932896,-0.0590702080248025,0.0244030490394866,0.0831553897835344,-0.0512194170402251,0.0601640595598429,-0.0107766121141813,0.048073221422682,0.0280412585755812,-0.0218863069589479,-0.0342998347747442,-0.0694538865462676,0.0196262856250425,0.0841856918257335,-0.144108020940595,0.0597671006030845,-0.0681585590300142
"R12782",0.108901956316176,0.113593592585172,0.212797607714398,-0.0849539857573707,-0.211030531204938,0.00429258216452677,0.123391587926016,0.0160122153850844,0.203912836163551,0.0596931608845425,-0.0534462662565558,-0.165582148063968,-0.0362335571123272,0.0534818717483463,-0.0226634804376389,-0.137653097880325,-0.0898548969552535,-0.101410422215117,-0.182046375928264,-0.05884114444392,0.236709377300054,-0.0955256786435524,-0.228791035466328,-0.153799988261077,-0.087890719645754,-0.170396049557788,0.098787599993952,-0.212681572834554,-0.183818985569747,-0.125509700949741,0.123340671099774,0.0668685050918416,-0.0165152710153289,-0.180704127988878,0.0530898589493511,0.0704367476841672,0.273038396181325,-0.163578567609705
"R12783",0.0299296241556845,0.00133187451403751,0.0751447072391162,-0.0358604867000917,-0.0182800170776434,0.126935499922688,0.0152035660763407,0.0449704502926221,0.108305524760761,0.113666598913644,0.0402673360326961,-0.0429476111019706,-0.107128661401791,0.0479487643453622,-0.0623560059950128,0.00948595467160342,-0.0561216676896519,-0.0771423394695012,-0.0351157825378239,0.0765578305906003,0.0866625564429239,0.0367916399121715,-0.0496920543529442,0.119811744209815,-0.200494271969423,-0.0471442868952634,0.0204852701940675,0.043407797593528,0.0858507014913436,-0.00405695803696265,-0.00778790792513615,-0.112198727534768,0.00687065538872068,-0.00326004355953322,0.0130736850529709,-0.0434055165828004,0.0657597223096769,-0.0466517918405218
"R12787",0.0553060731787377,0.0409061124073228,0.0719830306525244,-0.0848703156543083,-0.0720586226481048,-0.0177394598122014,-0.0211831405191965,0.0575405356314663,0.0915401675747973,0.002395370954956,-0.049286098995133,-0.0638715395019296,-0.149230729837322,0.0214589730965389,-0.0196103445541178,-0.0253726364093479,-0.0853201467027074,-0.032077026785162,-0.0090100216919427,-0.110026591335071,0.0376699968290534,-0.117375456341561,-0.0677687788298413,-0.0563933748042459,-0.167941640500698,-0.0239719092792677,-0.0505954480151914,-0.049361005354497,-0.0805482009929137,-0.0571647513055098,-0.0156783930480261,0.0569068052766268,0.0118613814125105,-0.0873504030734828,-0.000606123035157898,0.0293915625879946,0.0410809746896583,-0.100651150528001
"R12789",0.0650617662318021,-0.0410965485445045,0.0900454693480185,-0.129308837443669,-0.088731964413132,0.0333037090304405,0.0129013886810802,0.0699438921117581,0.0862659784431056,0.053877342404115,-0.0783046569061322,-0.101346890719234,-0.13435656487647,0.0107454845831295,-0.0668133556254049,-0.0531708898359813,-0.0276079705620935,0.0131341475249422,-0.0437647476235456,0.0154357791075774,0.0797753412663403,-0.0991155047456405,-0.0761002594962698,-0.0245613293263334,-0.196681501369403,-0.112380352512143,-0.00158368963671081,-0.0544488070876626,-0.0926886790797712,-0.0886046233966827,0.0619387867251692,0.0405146921286568,0.0342555858876854,-0.00389168729231932,-0.00942856943569162,-0.0291057348378328,0.0808912612531425,-0.0747184078786787
"R12790",0.0534459812778023,0.106453618273809,0.132831854985312,-0.114743658628945,-0.158160567376947,0.0553233258379816,0.0758868383916785,-0.116326842974227,0.133198767032324,0.0285291151035124,0.0158547423734702,-0.124033414674309,-0.0515689266481352,0.0698089484818645,-0.0330830714491673,-0.0916736510403286,-0.104258125978305,-0.146545081412099,-0.0878092227339025,0.0678440261781927,0.148714360498011,-0.0308159024999536,-0.142824036660085,0.0161264997784122,0.0655504907179747,-0.0840630127788888,0.0129250717656754,-0.0746360295135086,-0.038919410612463,-0.0710023147590436,0.0224283661473898,-0.12093719059147,-0.0398601249193244,-0.124912734262312,-0.012207038740758,-0.0289898985814203,0.177584650653405,-0.122545573828778
"R12800",-0.0355440243051245,0.0218615438907265,-0.0411186592232342,-0.0290122510545553,0.0861259333655854,0.135496780704516,0.0170203967790048,0.228513639146492,0.0507197572995067,-0.00232161622765599,0.105485886721387,0.124663866321135,-0.027649254016239,0.00330230180000665,0.107301490494489,0.161475562847556,0.13664413530859,-0.0673806535173942,0.122921714684108,0.0431524051091311,-0.0432743721874821,0.0597262134514905,0.145049521660657,0.134784728192344,0.0382814150051745,0.107753039429811,0.105584073896243,0.184322135580736,0.129761105209237,0.0777566639734856,0.0316939577556069,-0.105237834872311,-0.0232920153929622,0.0260114515511494,0.08025461746383,0.0630149076235956,-0.00351949485546241,0.0512390952535355
"R12804",0.0576673997420475,0.00111293452153468,0.0331794541421425,0.0320373041823836,0.0437352765147233,-0.0502375176117185,-0.0946791730849778,0.0358146700473312,-0.0226946683867945,0.0527532467550466,-0.0352354221088518,-0.0177623568511733,0.0949533697735003,-0.0078066279598079,-0.0171663463182354,-0.0588033230736525,0.0329794267652385,0.12354030488665,0.000173361310737703,-0.0797020568551868,0.00834266692853531,-0.0485678517343902,0.0110115598288626,-0.0833134994896321,0.0224224274646689,0.0396521324279334,-0.0220167512622626,0.00538994960821898,-0.0164587683759736,0.0190147950107133,0.0624489541025085,0.107683420298102,0.0482960864043415,-0.00982490731544285,-0.0442896219680383,0.0929718055849214,-0.0362844482065732,0.090605987840026
"R12837",0.0166464295544818,0.155940640265698,0.137062521153576,0.00471437016818793,-0.169398559546619,-0.10142072937339,0.128254592368618,-0.173768555787078,0.0357439171439751,-0.273948919061803,0.0123545999528201,-0.10988721768132,0.0986970536050182,0.107349155344887,-0.0269895702227457,-0.227849896608701,-0.176374560303291,-0.121364504450661,-0.146829057087402,0.0245982422946976,0.0983985460658275,0.0289045845573642,-0.195689088270907,-0.0312970365981085,0.139144716271351,-0.0523333785783306,-0.027088836340645,-0.180045990841117,-0.0870375792765785,-0.0583622309447056,0.10015926087861,-0.0997738179823377,-0.053673146597536,-0.154978783614587,0.0725621839006634,-0.0680217979690038,0.205086264768067,-0.150596146982339
"R12841",-0.0868270545764159,0.0704600200376032,-0.100690917310831,0.0600657030572095,0.0526971506752754,0.0757374662451101,-0.0262090066327907,0.0691663262413013,-0.0439860902980905,-0.0349907173824972,0.0704826925625195,0.111051678930271,0.208430992049626,-0.0519250438293455,0.101897806730771,0.150972271092353,0.0417933235738779,-0.0391390044994997,0.115348381593507,0.0326027118741244,-0.0652845357545236,0.100245545975551,0.11270798314611,0.071002144076195,0.114578765134148,0.0881600584842712,0.0101936869366667,0.116513649931539,0.0713373491301249,0.110447411230419,-0.0547118281456601,-0.0795646219312284,-0.0793379369164336,-0.0427531665496957,0.100188524809794,0.0419408108467151,-0.0590877801819294,0.0744051484736341
"R12848",-0.0243841143358931,0.00275517140001237,0.00102070876435593,0.179636778523688,-0.01245042701007,0.0728789762789752,-0.00950911387395736,0.0401514415626968,0.0361988536848052,-0.0467543471405387,0.060880228364827,0.0133850100591064,0.0242174611023465,0.00159075667406155,0.0423360083374889,-0.248554670592722,0.0330106409905781,0.044850682908494,-0.150435206991753,-0.0413193179273292,0.0149532579604738,-0.0871245630448174,-0.118486830828396,0.000476056527695544,-0.0408722164030608,-0.0827192109978905,0.0861788199690305,-0.0219864590457974,0.0597870182633783,-0.00479501724150663,-0.00982750511843536,0.010556799161488,-0.0404254196587389,-0.0181099898162777,-0.00818759437382522,-0.0165646660291796,0.00610691355599362,-0.0773712448128619
"R12858",0.00194944065339292,0.00572153589630262,-0.00327017251386598,0.107133943964088,0.0325450919433786,-0.192949447268311,0.0143789472533962,-0.0318338631235081,-0.0621605533468521,-0.0713432491954718,0.0287190785866862,0.00240197564933252,-0.0194045512903857,0.000489861017430154,-0.0582519597837278,-0.0840740541366077,-0.0873047920617084,0.0961410502119616,-0.0400668889227365,-0.0197933772693682,-0.0459975720890099,0.0565576609135327,-0.0326884888532088,-0.0554262551340249,0.0629736445602288,0.00889146765085908,-0.0134267077914958,-0.100307034596206,-0.0371473393403352,0.0272228142086236,-0.0279920290624123,0.108999684226171,0.0102490989975317,0.0216644626889537,-0.05635817246732,-0.0439296990683589,-0.00575625261315585,0.0461472916486825
"R12935",0.142655646282271,-0.141219850460909,0.0302939369778413,0.142769038881636,0.168411731870069,0.085418302692305,-0.0776652079245823,0.076819671857533,-0.159883174034948,0.0973201589620071,-0.0341052978913182,-0.0482717894407351,0.228424764956213,0.0212657143107843,-0.0997409258077954,0.0245922682513839,-0.0717824487506102,0.0900523583890577,0.116994317188519,-0.0176998465558107,-0.0927742069679843,-0.0983993710625191,0.0422286152582177,0.036042546552128,-0.0868641939714869,0.0715890960139196,-0.187266266782919,0.08510484200956,0.073471621063254,-0.0263562426501244,0.113288564269315,0.0194445880229551,0.138323200246902,0.161114981017152,-0.127671255343105,-0.043612304376596,-0.144032506280195,0.111727625400663
