DEGs,PValue,Rsq
987,2.2936140904765222e-66,0.7582609804983048
986,2.2992010068370732e-66,0.7582553609014021
988,2.3324089378040878e-66,0.7582222353011835
985,2.4476734185700155e-66,0.7581107749590456
984,2.4486399969186053e-66,0.7581098624343774
983,2.474775356103899e-66,0.7580853229386564
992,2.498669188301047e-66,0.7580631116728497
991,2.5495887298199445e-66,0.7580164714315636
997,2.56607798839131e-66,0.7580015655171696
982,2.567233349258795e-66,0.7580005246565678
995,2.569742613384114e-66,0.7579982656663622
996,2.5768445890316543e-66,0.7579918838643586
990,2.583918193378951e-66,0.7579855448499598
960,2.594021779057666e-66,0.7579765202611155
989,2.5984614557847597e-66,0.7579725657178663
961,2.599476913315249e-66,0.7579716621620772
993,2.603431079028622e-66,0.7579681470669005
979,2.614284755931662e-66,0.7579585256919446
998,2.6155685919119764e-66,0.7579573902374868
977,2.617941218382678e-66,0.7579552932833518
981,2.625819751517253e-66,0.7579483436246175
964,2.6272929494528227e-66,0.7579470464081554
965,2.633856637367009e-66,0.7579412755302819
980,2.6364831485019655e-66,0.7579389702577144
976,2.6563617878135133e-66,0.7579215963000477
978,2.657191747865805e-66,0.7579208737173347
1000,2.663943122608617e-66,0.7579150041036651
999,2.66879720267927e-66,0.7579107930868048
963,2.6748323835381525e-66,0.7579055680069015
994,2.67631393593896e-66,0.7579042871080583
975,2.690300016337004e-66,0.7578922297205152
966,2.69271765684371e-66,0.7578901517701389
959,2.6951761743465346e-66,0.7578880405803339
952,2.7082152037204943e-66,0.7578768754309141
962,2.7290645912108274e-66,0.7578591325360023
954,2.73738051915935e-66,0.7578520930820156
955,2.7543317227462086e-66,0.7578378092036492
953,2.75603334982123e-66,0.7578363801448864
950,2.778853853883931e-66,0.7578172990481821
971,2.7850472403808476e-66,0.7578121472948612
956,2.785796348264589e-66,0.7578115249448943
948,2.804213576746651e-66,0.7577962760371992
970,2.804508187311621e-66,0.7577960329154843
958,2.804789152609525e-66,0.7577958010778288
967,2.8086467493450077e-66,0.757792620317591
974,2.813598345757448e-66,0.7577885438416935
951,2.827512640037943e-66,0.7577771266160429
949,2.8432613182850777e-66,0.7577642711516133
944,2.849187588327798e-66,0.7577594518606634
969,2.8643477278014905e-66,0.7577471685540225
973,2.8934229063444726e-66,0.7577237898938929
957,2.9234225194448826e-66,0.757699910563232
968,2.9768892688578027e-66,0.7576579472506251
943,2.978997754883284e-66,0.7576563077471343
972,2.9812491033817405e-66,0.757654558425842
947,2.992141351787861e-66,0.7576461134713601
946,3.0583363711912507e-66,0.7575954370384712
945,3.0604810897121337e-66,0.7575938133502294
940,3.1059229380576426e-66,0.7575596733383579
942,3.1202884755885793e-66,0.7575489835118239
941,3.127845717216132e-66,0.7575433794927433
939,3.239182956169213e-66,0.7574623371878133
938,3.256273705598728e-66,0.7574501416877797
937,3.2928451052865913e-66,0.7574242569098888
933,3.3168844951669157e-66,0.7574073967741451
936,3.318967409016116e-66,0.7574059416153021
935,3.332080861836301e-66,0.7573968010563827
894,3.410665305431257e-66,0.7573427603393523
934,3.438019951653416e-66,0.7573242381346527
893,3.455019210753892e-66,0.7573128011020765
892,3.4720658300009517e-66,0.7573013880380636
903,3.4727372428376674e-66,0.7573009396501137
897,3.4794612106024605e-66,0.7572964539294055
899,3.5149232316002374e-66,0.7572729375022657
901,3.543839070725165e-66,0.7572539354167132
898,3.544987561794701e-66,0.7572531838587087
932,3.571987527835551e-66,0.7572355845555787
895,3.582920954910534e-66,0.7572284953067003
887,3.583664936857339e-66,0.7572280136867123
906,3.587146488772424e-66,0.7572257612040204
904,3.6106563129591166e-66,0.7572106073404175
902,3.6514305030889815e-66,0.7571845555459721
891,3.6738643235893465e-66,0.7571703445473574
900,3.6942699065590795e-66,0.7571574928098175
889,3.696974582015305e-66,0.7571557946449343
886,3.717024654109709e-66,0.7571432441914009
930,3.720075515835084e-66,0.7571413403674935
931,3.720726213198704e-66,0.7571409345140498
896,3.7342510373545684e-66,0.7571325146791426
890,3.766047070887148e-66,0.7571128385398864
885,3.779358783672684e-66,0.7571046497540661
905,3.8030951780850143e-66,0.7570901187914795
907,3.825562863033476e-66,0.7570764470262258
908,3.851877016168127e-66,0.7570605354125713
888,3.937251360936649e-66,0.7570096427638221
921,3.9399102875114903e-66,0.7570080753541051
928,3.941210505793108e-66,0.757007309270266
929,3.9829016793521377e-66,0.756982876765211
883,4.0269649812523466e-66,0.7569573279250525
884,4.0566628072333287e-66,0.7569402642191464
918,4.0593983711947815e-66,0.7569386986536473
881,4.0632842004480443e-66,0.7569364765858477
913,4.070863526575608e-66,0.7569321484832631
920,4.0893399666805375e-66,0.7569216310402239
919,4.0900566280199267e-66,0.7569212240400748
914,4.0933054585859293e-66,0.7569193798775974
922,4.097473629014148e-66,0.7569170159840886
910,4.116708093030994e-66,0.7569061383111559
927,4.1240811133260504e-66,0.7569019819855491
923,4.127720708400806e-66,0.7568999329822277
880,4.14563426238675e-66,0.756889874095313
917,4.17586759686075e-66,0.7568729946019708
882,4.1773003213586597e-66,0.7568721977082636
909,4.182312940498656e-66,0.7568694117751498
877,4.2607741570456337e-66,0.7568262301132929
912,4.3163909442330754e-66,0.7567960954296638
911,4.3299686762469366e-66,0.75678879705635
878,4.3351155505717507e-66,0.7567860364049573
876,4.3909153161868584e-66,0.7567563135012478
879,4.3998191942105696e-66,0.7567516053050927
916,4.4007699161412573e-66,0.7567511031397073
915,4.464740587838308e-66,0.7567175587392172
874,4.4699610527870726e-66,0.7567148423198616
875,4.510033504355518e-66,0.7566940950354907
926,4.5297975695809775e-66,0.7566839294422579
924,4.5358887448221997e-66,0.7566808053174112
873,4.571170628257175e-66,0.756662790805429
871,4.697436781734539e-66,0.7565994303145007
870,4.719011161186291e-66,0.7565887732628023
869,4.756809864912488e-66,0.7565702177279086
872,4.760503020944125e-66,0.7565684125809026
925,4.773443574202365e-66,0.756562098402205
867,4.818536475443506e-66,0.7565402276019888
864,4.945246975364167e-66,0.7564798391873748
866,4.977831354223222e-66,0.7564645576617899
863,5.06040631838742e-66,0.7564262707350464
868,5.145700801567053e-66,0.756387367170082
865,5.165492676667301e-66,0.7563784312440066
862,5.484557727508447e-66,0.756238874558788
841,5.536166359196862e-66,0.7562170597217539
861,5.615624475777783e-66,0.7561838636659858
842,5.631706652285763e-66,0.7561772014830692
840,5.707574159049356e-66,0.7561460246982382
843,5.716020708182349e-66,0.7561425791216102
838,5.721876704677475e-66,0.7561401932605721
839,5.771303306117134e-66,0.7561201516026972
860,5.797224993716526e-66,0.756109708647831
846,5.843825519957302e-66,0.7560910506800019
845,5.886538898601917e-66,0.7560740780411125
859,5.888933404027562e-66,0.7560731301718326
837,5.905161374734961e-66,0.7560667163429658
844,5.930819880990448e-66,0.7560566107931006
833,6.008505567382468e-66,0.7560262763910828
831,6.021688380666707e-66,0.7560211673990863
834,6.087908548114357e-66,0.7559956702468533
858,6.142779795209198e-66,0.7559747500950555
857,6.145779488861089e-66,0.7559736117772727
830,6.161730633553184e-66,0.7559675678970204
856,6.163696011555982e-66,0.755966824288913
855,6.195334553324067e-66,0.7559548859406082
836,6.295226875850314e-66,0.7559175854643619
835,6.342008397387286e-66,0.7559003180356209
832,6.346242486199942e-66,0.7558987614308711
821,6.354098012162305e-66,0.755895876177005
851,6.362130222616329e-66,0.7558929296795351
829,6.392979866240865e-66,0.7558816470931139
822,6.427810484557437e-66,0.7558689731835817
820,6.446666808836917e-66,0.7558621402341295
826,6.447107906749342e-66,0.7558619806309288
850,6.452245238300248e-66,0.7558601225777138
852,6.460687069163212e-66,0.7558570725439042
854,6.509481485553775e-66,0.7558395200971871
828,6.521172117309807e-66,0.7558353340675492
824,6.523530726877529e-66,0.7558344904283788
849,6.527685232960091e-66,0.7558330051585109
827,6.529801234461591e-66,0.7558322490305243
853,6.53320126123029e-66,0.7558310345794949
818,6.591110810141123e-66,0.7558104455216434
848,6.632388935960159e-66,0.7557958786534037
825,6.633594523028754e-66,0.7557954545579113
819,6.652936262097882e-66,0.7557886610332022
847,6.781957781137034e-66,0.7557438383358474
823,6.830905363564006e-66,0.7557270543527836
817,6.868307801729473e-66,0.755714309261231
815,7.304987127152624e-66,0.7555703943424167
816,7.416507344320481e-66,0.7555350071956968
812,7.510388855200349e-66,0.7555056233094051
814,7.659459382124643e-66,0.7554597051761751
811,8.006257982550537e-66,0.7553562171529294
813,8.057265957263935e-66,0.7553413716253761
810,8.099179541699211e-66,0.7553292424640862
809,8.216093378180009e-66,0.7552957351022005
808,8.359342546619238e-66,0.7552553180474201
807,8.400161675388397e-66,0.7552439266763712
805,8.97010026107882e-66,0.7550903602737818
806,9.049753988235981e-66,0.7550696717036152
804,9.20662378632733e-66,0.7550294498461649
803,9.441097864151454e-66,0.754970578181501
801,9.547141177257908e-66,0.7549444269177428
802,9.722634539926424e-66,0.7549017742249574
799,1.0083687751545254e-65,0.754816370048232
800,1.0226551603972861e-65,0.7547834103875835
797,1.0724292483710953e-65,0.7546720375453245
798,1.0757968420971443e-65,0.7546646883339354
795,1.0838092334980962e-65,0.754647293826187
796,1.1319478139448749e-65,0.7545453954254888
794,1.1411064190301563e-65,0.7545264956591282
793,1.1592511133689207e-65,0.7544894917825922
788,1.2480385145172265e-65,0.7543163150967033
792,1.2590583987518061e-65,0.7542956779769036
785,1.2885442347955154e-65,0.7542413269613917
789,1.2949854702965463e-65,0.7542296179187977
790,1.3400292855722203e-65,0.7541493133387288
787,1.3610587345523318e-65,0.7541127330728259
786,1.3674661149795188e-65,0.7541016987855378
791,1.3700039547314277e-65,0.7540973424693279
784,1.3784048561726993e-65,0.7540829787515776
783,1.4611074881222784e-65,0.7539460317015939
782,1.5526489913508218e-65,0.7538031277531536
781,1.6344751931346988e-65,0.7536822846837256
779,1.6531325501574415e-65,0.7536555707699846
780,1.6881515757003763e-65,0.7536062265616397
778,1.7376512199341609e-65,0.7535381805273477
777,1.8518607786289587e-65,0.7533882333883857
775,1.969373040341336e-65,0.7532432226231291
776,1.9782196920449205e-65,0.7532326552343354
763,2.013358502299795e-65,0.753191138829594
774,2.1016087833913642e-65,0.7530899557966024
764,2.125909049688087e-65,0.7530628330056078
773,2.140684737872444e-65,0.7530464908135391
769,2.163202861256774e-65,0.7530217989767877
766,2.1725397972898207e-65,0.7530116353127408
771,2.176529165737461e-65,0.7530073058955636
768,2.1776037092317997e-65,0.7530061411029443
772,2.1885318444517503e-65,0.7529943273626576
765,2.1966955396543242e-65,0.7529855401546582
762,2.200193331814045e-65,0.7529817851079263
767,2.216409656678035e-65,0.752964453004644
770,2.244384844443983e-65,0.7529348461068629
761,2.2516238002031258e-65,0.7529272444508295
760,2.32581336800308e-65,0.7528507039452472
759,2.507947470013218e-65,0.7526726023354873
758,2.7086520623668833e-65,0.752490608859
757,2.807290641401557e-65,0.7524060072951101
755,2.8347168742249066e-65,0.752383006908538
756,2.8353844570099534e-65,0.7523824498072736
754,2.869941136464775e-65,0.7523537880849415
753,2.9876591554340445e-65,0.7522586541620139
752,3.072378507717109e-65,0.7521924583615687
750,3.150650926692367e-65,0.7521328873981341
751,3.175857720071607e-65,0.7521140149083996
749,3.1843128537690336e-65,0.7521077177099521
748,3.3034541348300833e-65,0.7520207029721202
747,3.351419200124519e-65,0.751986546293765
746,3.392801466017548e-65,0.7519574641736483
745,3.5001760324364708e-65,0.7518836129438402
744,3.7312242033611703e-65,0.7517320291105078
743,3.859384258157202e-65,0.7516519084474335
674,4.197200286292387e-65,0.7514527242752548
742,4.245603688037203e-65,0.7514254933609109
690,4.282255330569348e-65,0.751405077583199
691,4.323940570140052e-65,0.7513820672902056
680,4.344950053672126e-65,0.7513705531775655
675,4.350587280927691e-65,0.7513674731140652
679,4.381543533962465e-65,0.7513506294012208
741,4.382771872028711e-65,0.7513499634797308
729,4.417323728563654e-65,0.7513313071511167
740,4.442155105662273e-65,0.7513179884588216
669,4.446524761220204e-65,0.7513156523587969
678,4.447876795154282e-65,0.7513149299966385
677,4.46030984439208e-65,0.7513082974675827
735,4.469879525542488e-65,0.7513032048892775
719,4.501190905398749e-65,0.7512866174500716
739,4.504498698300507e-65,0.7512848718008875
737,4.505557440092046e-65,0.7512843133304582
734,4.548830425699112e-65,0.7512615980046548
673,4.578359855423694e-65,0.7512462196258082
717,4.586122150872789e-65,0.7512421934722113
689,4.592908494478585e-65,0.7512386790522068
670,4.5995839100437325e-65,0.751235227092402
668,4.624114206674558e-65,0.7512225845799715
720,4.625723777942347e-65,0.7512217573572242
672,4.6350776364255294e-65,0.7512169556723655
695,4.635487433488797e-65,0.751216745527742
708,4.64599877083497e-65,0.7512113615760243
736,4.665309805821466e-65,0.7512015017500139
676,4.687128402857912e-65,0.7511904101344793
671,4.693340502546617e-65,0.7511872615280368
728,4.706974198988876e-65,0.7511803657269207
730,4.715112042890764e-65,0.751176259100794
666,4.719331873972332e-65,0.7511741323970538
733,4.7207622593438185e-65,0.7511734119411172
694,4.725085157542384e-65,0.7511712358988786
718,4.734606908223209e-65,0.7511664498269147
681,4.7388874388449796e-65,0.751164301339827
688,4.754967770683051e-65,0.7511562474253596
731,4.7573666562627296e-65,0.751155048244507
721,4.786709978702128e-65,0.7511404280629883
710,4.7887238028024025e-65,0.7511394279416044
696,4.790260389480894e-65,0.7511386651098273
684,4.79708236983343e-65,0.7511352812913366
707,4.818976150444563e-65,0.7511244537072567
732,4.818982739681591e-65,0.7511244504558848
706,4.8209575823749535e-65,0.7511234761942517
692,4.8239648696004864e-65,0.7511219933492599
727,4.8544153611364366e-65,0.7511070300641525
716,4.866148377076516e-65,0.7511012892916614
682,4.873657423092327e-65,0.7510976224288557
686,4.8757841830667795e-65,0.7510965848934027
667,4.883766160669894e-65,0.7510926948962287
738,4.885889000872191e-65,0.7510916613953386
664,4.902272392919184e-65,0.7510837001003217
685,4.9025315402227745e-65,0.7510835743829098
709,4.9085998998696174e-65,0.7510806323834145
700,4.928128478980487e-65,0.7510711891301115
705,4.954420164423866e-65,0.7510585338771278
693,4.957993801111786e-65,0.7510568188782714
703,4.966242074487671e-65,0.7510528651770048
712,4.973012612869809e-65,0.7510496246660217
665,4.99432553441054e-65,0.7510394523422147
687,5.039553996015161e-65,0.7510180071909092
683,5.041726741842029e-65,0.7510169817845189
704,5.043870934744073e-65,0.751015970282414
714,5.0481465432225426e-65,0.7510139545765171
711,5.082504853793256e-65,0.7509978177140423
697,5.0830030495248555e-65,0.7509975845249834
713,5.0974680618367486e-65,0.7509908237799178
652,5.113419365437179e-65,0.7509833903588506
663,5.126110437580724e-65,0.7509774926163113
699,5.133904444764256e-65,0.7509738777814553
701,5.148677868127966e-65,0.7509670408077549
661,5.150788201779293e-65,0.7509660657555282
698,5.172434868634341e-65,0.7509560869778115
660,5.173024964169112e-65,0.7509558155324407
726,5.221116602960253e-65,0.7509337957333169
702,5.234832637333031e-65,0.7509275523608756
715,5.235623800958561e-65,0.7509271927272109
662,5.2730586713323466e-65,0.7509102374613157
659,5.318917273050492e-65,0.7508896286036892
725,5.388896067032318e-65,0.7508585168696729
656,5.404268207909197e-65,0.750851736221763
723,5.466587455369487e-65,0.7508244415298927
722,5.603725589002917e-65,0.7507654471616437
658,5.703646385161374e-65,0.7507233567273874
657,5.719680585495885e-65,0.7507166705902236
724,5.797989313233887e-65,0.7506842809221099
651,5.810472678024458e-65,0.7506791576901837
654,5.902278752113165e-65,0.7506418115980316
655,5.947187566067118e-65,0.7506237520530079
650,6.025077184296565e-65,0.7505927476085101
649,6.162923188627914e-65,0.7505388377018233
653,6.2890868230989e-65,0.7504905332987205
648,6.561646460691382e-65,0.7503893740276362
645,6.6238626171033526e-65,0.7503668667071628
647,6.725182895797712e-65,0.7503306574374596
646,6.7888693496636775e-65,0.7503081730585383
644,7.35472132922085e-65,0.7501171100928823
643,8.132189842137533e-65,0.7498770839640403
641,8.413814048204458e-65,0.749795712411821
642,8.428995413152752e-65,0.7497914029363277
631,8.457009460539192e-65,0.7497834708403285
632,8.705029556624143e-65,0.7497143588256919
640,8.768829261469397e-65,0.7496968960985655
633,8.791228064691641e-65,0.7496907951156148
639,8.911425407297766e-65,0.7496583165186835
638,9.149280443675273e-65,0.7495953050676478
630,9.285827582978079e-65,0.7495598607349733
636,9.315071271558647e-65,0.7495523369270582
634,9.385445896677723e-65,0.7495343264282038
637,9.462233536269161e-65,0.7495148266576576
635,9.713229640083765e-65,0.7494521637328582
626,9.77677218025467e-65,0.7494365543162502
627,1.0015658527697509e-64,0.7493787567958815
625,1.0111551885824468e-64,0.7493559389915216
629,1.0378007870550955e-64,0.7492936435110131
624,1.0502788470092816e-64,0.7492650134035709
628,1.0824455799465245e-64,0.7491927347350282
623,1.124085436327273e-64,0.7491022664511351
621,1.1281701093589408e-64,0.7490935714154573
622,1.1400389454665903e-64,0.7490684820630039
620,1.2197814830391803e-64,0.7489063389285843
619,1.3075127794636422e-64,0.7487396606061199
618,1.3354871364733654e-64,0.7486888361613043
615,1.3383522009763444e-64,0.7486836905024985
614,1.345959739709176e-64,0.7486700801226062
617,1.3547431773943729e-64,0.7486544604351647
616,1.3838607750583384e-64,0.7486033883880885
612,1.3889826596249194e-64,0.7485945148422953
613,1.4521025716207808e-64,0.7484877457595134
611,1.4649950940787694e-64,0.7484665039271282
610,1.548239756411788e-64,0.7483336516865068
608,1.5734163535529165e-64,0.7482948630830725
606,1.58556467598745e-64,0.7482763659889968
607,1.5974139269164832e-64,0.7482584589989174
609,1.6047764258467914e-64,0.7482473986912338
605,1.6866093523609933e-64,0.7481277412696906
604,1.8250552152405015e-64,0.7479378262788192
603,1.9362601641627734e-64,0.7477953430144586
602,1.9801227005617023e-64,0.7477413610750605
601,2.1834639557219537e-64,0.7475056532374045
600,2.2247752221804038e-64,0.7474604335324494
599,2.2799418055850452e-64,0.7474013275489092
598,2.438969663737158e-64,0.7472385526869219
597,2.4915471593497824e-64,0.7471870417897748
592,2.535725138282735e-64,0.7471445856646435
594,2.5597239157614834e-64,0.7471218283248873
596,2.5658122454705837e-64,0.7471160885466703
595,2.5831551355552307e-64,0.7470998121643042
593,2.663263474802863e-64,0.7470260080407524
591,2.683961417787944e-64,0.7470072963840644
590,2.895207206214616e-64,0.7468241027166617
589,3.078498486948997e-64,0.7466755767227309
575,3.203911150990799e-64,0.7465789158477298
578,3.2772575281258444e-64,0.7465241069226418
579,3.3329447107947636e-64,0.7464832994296965
573,3.345294448757055e-64,0.746474341081317
580,3.3538180263615174e-64,0.7464681772678586
574,3.3604321782725334e-64,0.7464634049349266
572,3.4098061462953e-64,0.7464280711633178
585,3.459174326107984e-64,0.7463932446105824
576,3.481918075607264e-64,0.7463773654590452
588,3.509767820047128e-64,0.7463580607543486
577,3.533382054934226e-64,0.7463418104869801
587,3.5868360143924334e-64,0.746305419683452
583,3.607932874213576e-64,0.7462912048315616
586,3.608122469797935e-64,0.7462910774575762
584,3.663856855078071e-64,0.7462539185189204
571,3.6700607352495735e-64,0.746249816979107
567,3.6823117882106266e-64,0.7462417376337993
581,3.719244544177195e-64,0.7462175412934077
569,3.733949895552881e-64,0.7462079733243796
561,3.758346095899293e-64,0.7461921820676913
582,3.7639852921424195e-64,0.7461885463570895
562,3.814834487192361e-64,0.7461560043464971
570,3.826403938240868e-64,0.7461486602437393
563,3.854467527069915e-64,0.7461309369085357
560,3.909844218599326e-64,0.7460963360503069
568,3.924678384839549e-64,0.7460871496797806
559,3.9654585718527055e-64,0.7460620718117005
565,4.0340714573122364e-64,0.7460204490541898
566,4.071848537544563e-64,0.7459978305950018
558,4.201148166782396e-64,0.7459219575344257
564,4.248851652565684e-64,0.7458945478568858
557,4.4267108458431485e-64,0.7457949720811603
556,4.654229821200999e-64,0.7456732188483589
548,4.698764974785792e-64,0.7456500778640137
555,4.853032292755967e-64,0.7455715652434702
550,4.874334075372668e-64,0.7455609186619435
551,4.8768220172489725e-64,0.7455596782010744
547,4.8953899866426734e-64,0.745550440159441
543,4.9818461883048205e-64,0.7455078779881917
546,5.0386411531707026e-64,0.7454803143005306
549,5.1174358478287927e-64,0.7454425790729345
552,5.175908307783509e-64,0.7454149464282281
544,5.179137360955781e-64,0.7454134294794641
545,5.210854186729913e-64,0.7453985791010049
554,5.413971398505364e-64,0.745305547330917
542,5.4400044206642104e-64,0.7452938744215982
541,5.706276797963871e-64,0.7451775609134667
553,5.7095368943840515e-64,0.7451761704003542
540,6.046093184006726e-64,0.7450366936710261
538,6.489772204430595e-64,0.7448641367298264
539,6.651473257829391e-64,0.7448041393615799
534,6.785043637530509e-64,0.7447556592256064
537,7.00813323309523e-64,0.7446767573950102
536,7.013990488042441e-64,0.744674719493224
533,7.171105613430983e-64,0.7446206746880482
532,7.194745856599058e-64,0.7446126445296459
535,7.235126146602826e-64,0.7445989883368267
531,7.424647600497092e-64,0.744535886503842
530,7.830482192108129e-64,0.7444059635139499
510,8.460160084148597e-64,0.7442170263850735
517,8.504132552102526e-64,0.7442043575250181
522,8.820305149104723e-64,0.7441151315949934
519,8.86701878998549e-64,0.7441022180084225
523,8.869008653252083e-64,0.7441016694251457
529,8.961273071236772e-64,0.7440763661064248
511,8.993777263651179e-64,0.7440675133255487
508,9.045736379979945e-64,0.7440534274437453
528,9.050384475417377e-64,0.7440521712736408
521,9.173314619208417e-64,0.7440191786898287
516,9.202987296214863e-64,0.744011280610529
524,9.244298228540944e-64,0.7440003266364171
518,9.272261661472124e-64,0.7439929393575478
514,9.320044850586541e-64,0.7439803670877653
507,9.391435025879076e-64,0.7439617020131813
515,9.467932509123192e-64,0.7439418569582588
513,9.498759425535417e-64,0.7439339046666014
525,9.521051603416148e-64,0.743928169956013
509,9.641795787082017e-64,0.7438973375177484
527,9.736192847240018e-64,0.7438734981129895
520,9.745026360488474e-64,0.7438712789888047
512,9.815081918842571e-64,0.7438537501094449
506,9.876116137404734e-64,0.743838579212761
526,1.0076502757471893e-63,0.7437894152997718
504,1.011474138411298e-63,0.7437801437534377
505,1.0153467277210464e-63,0.7437707893778543
503,1.0728788677782715e-63,0.743635833053814
502,1.1322301222276512e-63,0.74350392220721
500,1.14870045201737e-63,0.7434685294100525
501,1.1690625462967264e-63,0.7434254620777976
498,1.1881328840652784e-63,0.7433857954284547
499,1.1987226636157879e-63,0.7433640399447833
497,1.3640390382332017e-63,0.7430470816876217
496,1.387452104310602e-63,0.7430052992055275
495,1.456685449090004e-63,0.7428857132620439
494,1.6619948632878685e-63,0.7425616200317441
493,1.7935054412304987e-63,0.7423742528573105
492,1.9470159739286403e-63,0.742172038672344
483,1.9897488596275462e-63,0.7421185556033746
491,2.0872026902340585e-63,0.7420007227113552
488,2.1044439283850563e-63,0.7419804448252867
482,2.1520493419874413e-63,0.7419252977766573
484,2.1553082471420293e-63,0.7419215669069196
486,2.1781814757831862e-63,0.7418955372809592
490,2.1810481558870875e-63,0.7418922941213987
481,2.216500270759628e-63,0.7418525314280935
485,2.2752825837170898e-63,0.7417879697013581
487,2.2755008025670818e-63,0.7417877331187019
489,2.2778407279001586e-63,0.741785197692693
479,2.312314244302527e-63,0.7417481399677847
480,2.44809461926408e-63,0.7416073174426578
478,2.585918229435458e-63,0.7414720756553241
477,2.6859278980388866e-63,0.7413783375142912
476,2.810279147876955e-63,0.7412664920476897
475,2.8987689991970785e-63,0.7411898477954963
464,2.938394750614804e-63,0.7411562748357206
463,2.940620661493206e-63,0.7411544022565426
467,3.069276203025664e-63,0.7410484878501588
466,3.124529791280867e-63,0.7410043443078578
474,3.1387498853602523e-63,0.7409931085980981
473,3.150961937779427e-63,0.740983499668845
465,3.204166455179376e-63,0.7409420621673183
462,3.2102317605688806e-63,0.7409373816409811
472,3.2911290961493774e-63,0.7408757781104973
454,3.299539817007513e-63,0.7408694596103713
458,3.350394351910946e-63,0.7408315920096986
470,3.3736896281336845e-63,0.7408144354796037
469,3.3879618213760315e-63,0.7408039821499534
471,3.391321331119595e-63,0.7408015278987047
461,3.431705695078633e-63,0.7407722125789121
468,3.4424007684849895e-63,0.7407645061669901
453,3.450045622215074e-63,0.7407590121329305
460,3.492098300388666e-63,0.7407290045915085
459,3.5001725448312044e-63,0.7407232840287076
455,3.5020809586831756e-63,0.7407219338366038
452,3.633030706045951e-63,0.7406309863716563
450,3.7264264420044234e-63,0.740568083416543
456,3.733318281077239e-63,0.7405635037472946
457,3.8057246435984524e-63,0.7405158891317222
451,3.8493296662881745e-63,0.7404876453598882
449,3.972283344008521e-63,0.7404096804111433
448,4.247027904022779e-63,0.7402437685450299
447,4.408662212567423e-63,0.7401510599452522
446,4.8107846562426186e-63,0.7399342771731984
445,5.364430837044712e-63,0.7396634952445478
443,5.527828428276831e-63,0.739588859019462
444,5.575311455586973e-63,0.7395675793709636
442,6.037671684377055e-63,0.7393692814583631
441,6.322732780522742e-63,0.7392543882104493
440,6.766802602660311e-63,0.739085249918502
439,7.7527003362212e-63,0.7387460004559472
438,7.950971619165986e-63,0.7386829648837835
437,8.699234071035476e-63,0.7384583340151112
433,9.430173620300816e-63,0.738256669752242
432,9.476970270047799e-63,0.7382442914079499
431,9.630367875155673e-63,0.7382041360002753
436,9.850359735680428e-63,0.738147640194832
435,9.930093779546092e-63,0.7381274718788334
434,1.0278863603555651e-62,0.7380410972898831
430,1.0992057004554587e-62,0.7378731619752997
429,1.114931547910252e-62,0.7378375871115473
428,1.2526674523408383e-62,0.7375456921397627
420,1.3052060546777055e-62,0.7374426574217664
421,1.3247386965406033e-62,0.7374053958493961
427,1.4959924736726382e-62,0.7371002312515712
426,1.5378995790682095e-62,0.7370308335349088
419,1.5667897869534952e-62,0.7369840739368992
425,1.5937746219968438e-62,0.736941163270379
424,1.6625389926425921e-62,0.736834987804685
418,1.7769087743165407e-62,0.7366676746038011
423,1.8074943356016202e-62,0.73662473770713
422,1.9666508733985505e-62,0.7364123183861211
417,2.2323882704069663e-62,0.7360929800598516
416,2.275942785397591e-62,0.7360442608013279
405,2.430115434687164e-62,0.735878931088489
412,2.4659375952269997e-62,0.735842005724929
406,2.515096347863588e-62,0.7357921886800385
411,2.5365585924736194e-62,0.7357707407678481
407,2.549590019574694e-62,0.7357578055715706
415,2.5591236511325814e-62,0.7357483837521648
409,2.567682323787413e-62,0.7357399550240968
404,2.621716667268602e-62,0.7356873750182131
408,2.6783721935158727e-62,0.7356333847929086
414,2.6812470525830724e-62,0.7356306754211316
410,2.7214179407653255e-62,0.7355931150100016
393,2.804745197606468e-62,0.7355169231738334
392,2.8429508513520127e-62,0.7354827358185514
413,2.866068811874605e-62,0.7354622695967139
403,3.0561337387028635e-62,0.7352999522686143
394,3.082803449310224e-62,0.7352779799595855
396,3.148528317174641e-62,0.7352246250423716
402,3.216556824964752e-62,0.7351705495273182
391,3.277881993398232e-62,0.7351227646189494
397,3.4511926478859643e-62,0.7349923601642738
395,3.4711981193900303e-62,0.7349777269768657
398,3.5364286069451223e-62,0.7349305871754642
390,3.561091420378686e-62,0.7349129882483041
389,3.5777150469627768e-62,0.7349011939141346
401,3.7770806477023935e-62,0.7347638275609905
387,3.900997709766141e-62,0.7346820207114398
388,3.974310452222014e-62,0.734634824929448
400,3.978666727144302e-62,0.7346320477424733
399,3.980579211182599e-62,0.7346308294580329
386,4.446073572695603e-62,0.7343503155728758
381,4.453964367049911e-62,0.7343458155552388
385,4.474589496834728e-62,0.734334090502465
380,4.616318237997073e-62,0.7342549391326532
379,4.92617963272279e-62,0.734089959749919
384,5.134506487019558e-62,0.7339847220187065
382,5.183938314010543e-62,0.7339603723517538
383,5.658138941537663e-62,0.7337378236519834
378,5.849321700553418e-62,0.7336532845981582
377,6.02325412360266e-62,0.7335787180090905
376,6.422860778507192e-62,0.7334151797374481
375,7.795813373742542e-62,0.7329213732388001
371,8.092816657635319e-62,0.7328259599755524
374,8.384131068190428e-62,0.7327356856216921
370,8.705720464631828e-62,0.7326395687317201
369,9.01594770470552e-62,0.7325501239379563
372,9.037563753486019e-62,0.7325440056822907
368,9.394835147215187e-62,0.7324449296144079
373,9.57800734505228e-62,0.7323955714696532
366,9.68787263961929e-62,0.7323664134432742
367,9.991277193753023e-62,0.7322875602393849
365,1.0959891455456014e-61,0.7320508174266616
364,1.3220156202935776e-61,0.7315704473316852
362,1.4133062752333525e-61,0.7313991662364248
363,1.4256770266818939e-61,0.7313768036294764
352,1.4357203330005814e-61,0.7313587892493891
353,1.449142889004058e-61,0.7313349075120125
345,1.571146216854159e-61,0.7311273689132032
361,1.5807758912750096e-61,0.7311116740790633
346,1.5818892626261794e-61,0.731109865572037
347,1.6133454490683943e-61,0.7310592839333444
351,1.6625878741606986e-61,0.7309820308861911
360,1.6704384495203853e-61,0.7309699245134977
348,1.6737734999471368e-61,0.730964798578153
349,1.7517270716523378e-61,0.7308477813878906
358,1.855098322948787e-61,0.7307003231061291
342,1.8920590552686813e-61,0.7306495670631948
350,1.898537842652929e-61,0.7306407713819091
344,1.9183938147149845e-61,0.7306139986784185
343,1.933030511975144e-61,0.7305944385089543
359,2.0192992096623036e-61,0.7304820494728782
341,2.070163939498584e-61,0.7304179920352764
357,2.0801710343548866e-61,0.7304055731135445
340,2.2442610270910334e-61,0.7302099649951033
356,2.3291553105974934e-61,0.730114257303216
339,2.659566126210654e-61,0.7297720321955561
354,2.663863897338823e-61,0.7297678640748138
331,2.7497704868737685e-61,0.7296859173688223
355,2.8487022538020636e-61,0.7295946306233173
330,3.04060044160163e-61,0.7294261829027063
332,3.129480636393101e-61,0.7293517023207061
337,3.148100818605271e-61,0.7293363645008062
333,3.240101676779313e-61,0.7292618765701975
335,3.25035101844128e-61,0.729253708298739
336,3.284081178451338e-61,0.7292270058480169
338,3.318424985617171e-61,0.7292000952623049
324,3.4240761087108264e-61,0.7291190076264328
329,3.505440319215291e-61,0.7290582319365417
334,3.627425337874532e-61,0.7289696829419411
323,3.775652963365829e-61,0.7288659713366678
328,3.92025072526697e-61,0.7287686145547505
327,3.988801472098997e-61,0.7287236960371267
322,4.1370150881009285e-61,0.7286291360465343
321,4.42727666349981e-61,0.7284532957324116
326,4.6096479359352286e-61,0.7283485653784004
320,4.845578446666506e-61,0.7282190065557357
319,5.4866562621329995e-61,0.7278962316133549
316,5.5063429035969776e-61,0.7278869217032129
318,5.5361222662428405e-61,0.7278729013622998
314,5.6431994265903366e-61,0.7278230985764746
317,6.033773806593871e-61,0.7276490491493935
315,6.0923245332243546e-61,0.7276239239148045
313,6.100343927927635e-61,0.7276205012754531
325,6.630414424934065e-61,0.7274036190709504
312,6.971989881241902e-61,0.7272727816282571
311,8.056897920538308e-61,0.7268957348883878
310,9.554220007232046e-61,0.7264506907822725
309,1.0270153380845721e-60,0.7262618093610888
308,1.2259131459877303e-60,0.7257985141674371
307,1.4775579059363156e-60,0.7253090500149
306,1.7981360573520422e-60,0.7247933332636866
305,1.9277219153341543e-60,0.7246103357932803
304,2.1771715285196987e-60,0.7242900403529898
262,2.4156524436732306e-60,0.7240161568951834
303,2.5286845282787674e-60,0.7238955755208913
301,2.5773177488583194e-60,0.7238453285284622
263,2.6768255381624963e-60,0.7237453815175401
261,3.0754914248154393e-60,0.7233787823825528
302,3.132054837311035e-60,0.72333062299327
300,3.1847777266306836e-60,0.7232865029954899
297,3.628379285488888e-60,0.7229416059847829
299,3.7681059378305886e-60,0.7228415867708644
259,3.81349073909715e-60,0.7228098884828998
296,3.918321505656103e-60,0.7227380766823677
257,3.9342000161473334e-60,0.7227273657461849
298,4.009543785725132e-60,0.7226771188810518
239,4.0737295659430853e-60,0.7226350455761208
260,4.100042828339399e-60,0.7226179868821692
243,4.1865270574055835e-60,0.7225626739702379
295,4.251072535203376e-60,0.7225221250908761
293,4.285313869618967e-60,0.7225008608112
240,4.6317213792619746e-60,0.7222947339432265
242,4.654323463397725e-60,0.7222818206016547
258,4.715410841956753e-60,0.722247227660538
292,4.7527537886948713e-60,0.7222262988061184
241,4.948029229720412e-60,0.7221194426468867
256,4.953453174333476e-60,0.722116534604749
294,4.994458410225407e-60,0.722094651204327
238,5.245771351166018e-60,0.7219642997293373
290,5.373407243596182e-60,0.7219004472591636
248,5.465697995753417e-60,0.7218552059552095
266,5.54409459266288e-60,0.7218173660553062
255,5.621449168649372e-60,0.7217805450383452
289,5.708325449155377e-60,0.721739785283997
288,5.723284551545754e-60,0.7217328289788374
291,5.941882291119085e-60,0.7216331809373637
265,6.378468707535062e-60,0.721444591881649
254,6.48798598416335e-60,0.7213992913183862
264,6.522552563240089e-60,0.7213851503960356
237,6.585875150433684e-60,0.721359437085391
251,6.654634533350609e-60,0.7213317919182128
287,6.671971095010611e-60,0.7213248662993292
252,6.701226976020618e-60,0.7213132194635166
286,6.72259526695751e-60,0.7213047444781326
247,6.914274869285962e-60,0.7212298931434479
236,7.220789928132108e-60,0.7211143671371502
253,7.298479256138217e-60,0.7210858575915056
234,7.924572259813985e-60,0.7208665042983226
285,8.455332989284315e-60,0.7206935999798323
226,8.552716702601696e-60,0.7206630464951574
235,8.558077241148356e-60,0.7206613746830979
225,8.653935448174506e-60,0.7206316528457494
246,8.785449183553074e-60,0.7205914019120612
284,8.93750032425014e-60,0.7205456026149122
224,8.974073367599404e-60,0.7205347016137862
245,9.016497460560622e-60,0.7205221116332634
250,9.071210160601512e-60,0.7205059611750763
233,9.156523441679778e-60,0.7204809693523444
232,9.487288841735837e-60,0.7203862072910887
283,9.905692313621796e-60,0.7202709192168366
282,1.0859393374745183e-59,0.7200252051959856
269,1.0975645957459594e-59,0.7199967271175264
249,1.143895441726342e-59,0.7198861241927536
244,1.1454770381984211e-59,0.7198824273309661
231,1.2111797823934819e-59,0.7197331575509254
268,1.2661864066087714e-59,0.7196142318784262
223,1.2715591259654168e-59,0.7196028915189233
281,1.2716158994958047e-59,0.7196027719389111
280,1.337340349477658e-59,0.7194677683357995
230,1.376933873650533e-59,0.7193895769049733
267,1.477301234240559e-59,0.719200931727474
228,1.488636781483869e-59,0.719180429183758
279,1.6190282271056235e-59,0.7189551169879284
229,1.7042078022050056e-59,0.7188174391790727
222,1.8192709890891204e-59,0.718641907718233
278,2.0092427865409346e-59,0.7183748579724439
274,2.3654153041120343e-59,0.7179355205167778
277,2.405562737885725e-59,0.7178901730973976
276,2.431607201936317e-59,0.7178611544393043
272,2.499460172905932e-59,0.7177869749890634
271,2.6023460094501137e-59,0.717678217498453
221,2.625240728076503e-59,0.7176545960205741
227,2.645895996375693e-59,0.7176334595075077
275,2.773312991076906e-59,0.7175065805554678
273,2.877637964100813e-59,0.7174069235440248
270,2.9707916388559223e-59,0.7173209169942598
220,3.1961096026764132e-59,0.7171234595965186
218,3.199686042215913e-59,0.7171204378285121
219,3.4022243873172585e-59,0.7169545524940869
216,3.7076430826589083e-59,0.7167220431884204
217,3.7703131338971695e-59,0.71667668677731
215,4.653677921308657e-59,0.716106465673334
213,4.75577582283755e-59,0.7160476123046408
212,4.783182523817342e-59,0.7160320269868312
211,4.945066289185999e-59,0.7159417352262496
214,5.013498303042626e-59,0.7159044440486109
210,5.247086540390043e-59,0.7157808455418372
209,5.712999596715137e-59,0.7155498081639866
201,5.787937897405355e-59,0.715514399527884
202,6.540299849754495e-59,0.7151821395030197
208,6.829301007925782e-59,0.71506448643206
195,6.9886344622432065e-59,0.7150017131721659
196,7.512851512444554e-59,0.7148047536971741
187,7.935130928106073e-59,0.7146557530837482
207,8.641859440237757e-59,0.7144231306588733
194,9.194133481385078e-59,0.7142541090843587
206,9.641635629559579e-59,0.7141243714720756
186,9.804844239471386e-59,0.7140785343126006
185,1.0331523929670527e-58,0.7139356077702668
200,1.0583238433610908e-58,0.7138698294627329
193,1.0718063330653718e-58,0.7138352313706573
184,1.1219329266137558e-58,0.7137102739873203
199,1.221166601582264e-58,0.7134784271322118
205,1.2610025627398915e-58,0.7133905661740146
191,1.2610715868392089e-58,0.7133904163352681
192,1.2785389327326106e-58,0.7133527566701677
190,1.2855117501596438e-58,0.7133378653820389
182,1.331555403931391e-58,0.7132414972851215
181,1.4384499103228274e-58,0.7130299260655826
204,1.4465881787342686e-58,0.7130144621637845
183,1.475337489683106e-58,0.7129605158043446
189,1.6389079692164172e-58,0.7126721126589793
198,1.754815616415053e-58,0.712484521889458
131,1.780667952385133e-58,0.712444357867682
203,1.8361399912810174e-58,0.7123600913725939
188,1.932540932046104e-58,0.7122194775073994
197,2.1366167888980973e-58,0.7119434155142688
180,2.2060716783571093e-58,0.7118553897123254
130,2.6134346098583916e-58,0.7113886637742911
179,2.7262244841336506e-58,0.7112721695037357
129,3.3954162233001374e-58,0.7106662058461363
178,3.8878131787418265e-58,0.7102917390306481
128,5.529481833119824e-58,0.7093154341198346
177,5.661726768991771e-58,0.709249809416611
133,6.387836239190106e-58,0.7089145346426465
176,7.088221317462289e-58,0.7086251510980556
127,7.246087467071026e-58,0.7085638456797967
132,7.654047447014426e-58,0.7084113477997701
138,8.590740574248035e-58,0.7080896520903169
104,9.163966428518982e-58,0.707909509847432
175,9.770164310616492e-58,0.707730764020132
126,9.821269147797622e-58,0.7077162007649968
174,1.0235735833515065e-57,0.7076007907931419
124,1.3059444999253332e-57,0.706919642021253
173,1.3115719581637304e-57,0.7069076059815114
125,1.4900001724984708e-57,0.7065503473281013
123,1.5268895144727482e-57,0.7064817968835584
137,1.675685507931701e-57,0.7062210045749727
172,1.7026966924650758e-57,0.7061761342161217
122,1.771606726533242e-57,0.7060647811334841
136,2.0333742309419458e-57,0.7056776594802313
121,2.2197147928954867e-57,0.7054310867592679
171,2.2505463448519552e-57,0.7053922767976852
135,2.315014505971423e-57,0.7053127999218729
170,2.3176647278548963e-57,0.7053095798052598
103,2.352392592585164e-57,0.7052677179426711
134,2.9339124271549977e-57,0.7046452517885627
120,2.9862008138606597e-57,0.7045954181976459
102,3.388994659509889e-57,0.7042382258861268
169,3.4521146561242915e-57,0.7041860960372399
105,3.9224898847155745e-57,0.7038249924887608
139,4.167314302205428e-57,0.7036536856184775
119,4.189846768150266e-57,0.7036384235717289
168,4.980191958049463e-57,0.7031489211775884
101,5.131280377364519e-57,0.7030641792071364
161,5.684281880927159e-57,0.7027737909641807
167,5.881091119200089e-57,0.7026771563485857
118,6.270477748877526e-57,0.702495058284842
100,7.987190994794317e-57,0.7018067193972574
166,8.61759288514112e-57,0.7015903023376092
117,9.429634062197532e-57,0.7013335569462638
142,1.0500023425192893e-56,0.7010267180870051
116,1.050606711087394e-56,0.7010250751138871
160,1.0534414130656267e-56,0.701017381461298
115,1.2475820656984223e-56,0.7005340277029903
99,1.3008856367330594e-56,0.700414350147794
165,1.3702564734328274e-56,0.7002656731628384
141,1.3844843090673722e-56,0.7002361027841052
147,1.5227125700462847e-56,0.6999635421836358
107,1.5689230507824673e-56,0.699877866771051
114,1.5706950697013246e-56,0.6998746313753755
159,1.6424104095328356e-56,0.6997466373506158
112,1.821658775734035e-56,0.6994494750439273
164,1.9116130278761195e-56,0.6993110970588471
106,1.9847664842772257e-56,0.6992032389503499
113,2.0314131859838403e-56,0.6991364997208902
158,2.1284989697292556e-56,0.6990023317744054
140,2.17353529179088e-56,0.6989421391658042
146,2.220488361911824e-56,0.6988806860553646
163,2.2227536731229664e-56,0.6988777538122476
98,2.250194250859636e-56,0.6988424676545122
111,2.463470196276693e-56,0.6985819171108811
157,3.0301005952873918e-56,0.6979854041051897
162,3.054417632278257e-56,0.69796234944078
145,3.428530149242962e-56,0.6976288923280171
144,3.8788912571799995e-56,0.6972723023907681
97,4.03207143672346e-56,0.6971603110733494
156,4.182083063954173e-56,0.6970546481101074
150,4.563487254563204e-56,0.6968020434695452
110,4.707383945227663e-56,0.6967121396349444
155,5.287180933700222e-56,0.6963755370854877
149,5.751880742316923e-56,0.6961311778043321
143,5.786899204648173e-56,0.6961135638443706
109,6.2128431540028215e-56,0.6959073865085081
148,6.390545567356784e-56,0.69582548011318
154,7.700765811861218e-56,0.6952832593290775
108,9.235567328324034e-56,0.6947539442164914
153,9.500457483095666e-56,0.6946715038666421
96,1.0091999041653543e-55,0.6944953329305813
152,1.2807952357613944e-55,0.6937992513835891
95,1.5325727312888447e-55,0.6932740315201353
151,2.346123049487463e-55,0.6920242581870029
94,2.708533840794186e-55,0.6916015202504546
85,3.6888171947337805e-55,0.6906904806449643
89,3.975634600836479e-55,0.6904692363444506
93,4.4877869603736525e-55,0.6901108641505277
69,5.0613525175271985e-55,0.6897547483858802
84,6.1162985028708966e-55,0.6891933598978423
88,6.3619709904358446e-55,0.6890764583333323
92,6.906569546471818e-55,0.6888325028263715
75,8.17159285076792e-55,0.6883323497483292
91,9.206897557148786e-55,0.6879771311570988
74,9.567451326250484e-55,0.6878626564596941
66,9.612853656146956e-55,0.6878485452716085
87,1.0359985012853037e-54,0.6876253605201458
64,1.0607176933649084e-54,0.6875550172011424
71,1.1302071028046101e-54,0.6873656412322494
83,1.1325346989656944e-54,0.6873594994244111
68,1.3264845242422274e-54,0.6868872352958165
70,1.4216302242486697e-54,0.6866800531589113
86,1.5992061725318466e-54,0.686327707592157
65,1.6625031685573808e-54,0.6862114217708541
73,1.7986935477587533e-54,0.6859754164388102
63,1.8209057371573644e-54,0.6859386118627492
62,1.890335098175043e-54,0.6858263730885185
90,1.9993856797523428e-54,0.6856580727953562
67,2.021170839213463e-54,0.6856255432019288
76,2.2067297002267474e-54,0.685361764455286
82,2.422070342227488e-54,0.6850818992055147
72,2.432323401403335e-54,0.6850691964462035
59,2.589207628144648e-54,0.6848811775999551
81,3.195564773705319e-54,0.684247422521581
60,3.1975003064282114e-54,0.6842455969093336
57,3.221963797415312e-54,0.6842226165984836
80,3.788670431804159e-54,0.6837337003838628
61,3.882230752808439e-54,0.6836600225356906
58,3.940526504809053e-54,0.6836149993313236
56,5.1208941359621973e-54,0.6828224625031221
78,5.293579223109988e-54,0.682722002990508
79,7.159397818593375e-54,0.6818059838748036
77,9.361230364292618e-54,0.6809902399702271
55,9.085387772345085e-53,0.6739922830807701
54,1.1746905036524782e-52,0.6731916112101239
53,1.8597896676298e-52,0.6717548670048863
52,1.982035442101308e-52,0.6715553010810604
51,3.13157251271503e-52,0.6701178371147982
50,3.901904549631637e-52,0.669424454368508
47,9.254341545364793e-52,0.6666875731122739
49,1.302183601502953e-51,0.665599011843147
46,4.002853576733939e-51,0.6619947934112289
48,5.142395464528941e-51,0.6611854970130542
45,8.382162087680779e-51,0.6596015212169736
44,2.476924798357528e-50,0.6560625031310342
43,5.664724569935375e-50,0.6533358372939035
42,1.5304254143803601e-49,0.650031444082286
41,3.015855943572488e-49,0.6477581330435919
40,4.893796749802212e-49,0.6461268338175646
39,2.4280094858380105e-48,0.6406755380926259
38,2.3655993366614853e-47,0.6327831834047133
37,6.602856004440533e-47,0.6291683680552074
36,1.1628602316953764e-46,0.6271601368266074
35,4.632043560339598e-46,0.6222103171737617
34,1.627603908731679e-45,0.6176529134028286
33,4.0058229337564985e-44,0.6057874311983623
32,1.851465688768453e-43,0.5999882581093384
31,8.441400586378029e-43,0.5941570419490756
30,4.5149297164509575e-42,0.5876137870660342
29,1.5251647016406465e-41,0.5827980666189791
28,8.992704205495832e-41,0.5756784471200679
27,6.212279647286094e-40,0.5677857985379865
26,3.76092334982633e-39,0.5603008942383855
25,3.0145716104360207e-38,0.551488842008139
24,2.7178971362990878e-37,0.5419882879382844
23,1.2767770778454597e-36,0.535184843580633
22,7.923327031094483e-36,0.5270279734413444
21,6.445666409461082e-35,0.517486192393551
20,9.89320074241393e-34,0.5047677513240846
19,7.883019205125728e-33,0.49488067107937006
18,6.703716302059273e-32,0.4844787239685908
17,6.736776366785048e-31,0.47302783845117513
16,3.431248839901376e-29,0.45294091793677654
15,4.481558470195431e-28,0.439401826449981
14,3.51461519835873e-27,0.4283120929891475
13,8.178062008242729e-26,0.41094743414623663
11,8.338601812131631e-25,0.39780352945662273
12,1.58515391172344e-24,0.3941167407050473
10,3.0354230377925473e-24,0.3903655191951855
2,2.2285379970095055e-23,0.37871164230459015
4,2.505646982318378e-23,0.37801976054540876
3,2.6605566712491315e-23,0.3776653348886794
5,2.9691527029869384e-23,0.3770164452674334
6,3.8469850494269277e-23,0.37548229502372127
7,4.969820775264127e-23,0.37396179556870984
8,6.243928678095094e-23,0.3726037019078863
9,7.67785366497208e-23,0.371371029363176
