"","MEblack","MEblue","MEbrown","MEcyan","MEdarkgreen","MEdarkred","MEdarkturquoise","MEgreen","MEgreenyellow","MEgrey","MEgrey60","MElightcyan","MElightgreen","MElightyellow","MEmagenta","MEmidnightblue","MEpink","MEpurple","MEred","MEroyalblue","MEsalmon","MEtan","MEturquoise","MEyellow"
"R11141",0.0278942474257541,0.0231371806371739,0.105443642095833,0.0966907012285466,-0.0449908227424391,0.0812717482432128,-0.0512151618749665,0.0340327192612793,-0.0339340044341631,-0.101573440206764,0.0385149395769273,-0.0123535315803876,0.123735201624039,-0.0183055587642497,-0.109978838917609,0.0243787349739868,0.0550491077214231,-0.060720874471172,0.0437140398414157,0.0410488817957019,0.014519941842667,-0.0290791408864549,-0.0072178087518493,-0.0197128174548539
"R11184",-0.0916307770790669,0.0841720676742284,0.00117510093823314,-0.0263226588020067,0.0973311213636799,-0.0242504216072901,-0.0595381044043016,-0.0314677031475998,0.0572671260197004,0.0290884992757202,-0.0732770205900228,0.0241965582643812,0.0499481742464642,-0.0552808639292112,-0.0423308663605833,0.0288619082930982,-0.090113917966995,-0.023594531944275,0.125651994616957,-0.075212541764751,-0.0152100162746951,-0.100408757239218,-0.164033950009945,-0.00369001894198484
"R11189",-0.00171119807588782,-0.0557740200838202,0.177585188606772,0.0247792358669403,-0.0402776931515904,0.0191425400589112,-0.0943610186826186,-0.0504457464329403,-0.0819505230501635,-0.0264346697079438,0.0703509011930972,-0.102924375616688,-0.0555371113167311,0.0505535639200428,-0.0522715072326312,-0.109291271050247,-0.0595155206979074,-0.083005781938115,0.00581176113365295,-0.113654347208396,-0.00703829266078748,-0.0194111264399638,-0.0547438500000372,0.110653773408081
"R11190",-0.0353978508677039,-0.0677258840468454,0.00944735486750411,0.175729531404686,-0.00971241887219992,0.0667687040806389,0.0887290441218174,-0.0549397010964138,0.0421123301002486,0.0299867657015925,-0.172538078354335,0.113476090926369,-0.0735799284552041,-0.0747035410158485,0.073565180932965,0.0397003717404547,-0.0409745424962924,0.0133307856486651,-0.00826176330891552,-0.0351276107821038,-0.132985380663364,-0.102317845836254,-0.0209146259079061,0.0734466927854181
"R11193",-0.0730050901324587,-0.0217201784864321,-0.0280711570100898,0.111918534058447,-0.014570715551907,0.105689470143499,0.0507621819293576,0.0644642263817359,0.145010371046226,-0.0105550781847687,-0.0442797889960683,0.11963119001932,0.0427512046222859,-0.0130218036987107,-0.0677464591770553,0.113922636251057,-0.0362328334059938,0.0560613874700659,-0.010010484596547,0.0319959888498624,0.0118011801493529,-0.0599877647875891,-0.0327235487638709,0.0688416822993784
"R11195",-0.0991219593189052,0.054203281111513,0.00310055344639882,-0.113580217672448,0.0867546649673115,-0.0429660559893132,-0.0110666416492334,-0.00965716714823152,0.0145785575391484,0.049264207716405,-0.128939263466018,0.0895723864603404,0.00964893399204851,-0.13515946085968,-0.0289072450237455,0.0426433764302204,0.010012671459315,0.0170823083608799,0.125167485059396,-0.0810909928225851,-0.0922588007901926,-0.138573046591182,-0.135848682738997,0.0510628012616302
"R11199",0.184546083954579,0.093512284655248,-0.0408738721978399,-0.0715902097105351,0.125420380302627,0.322234070221882,0.0569579125521568,-0.10954940876013,0.140863147615061,-0.268269119664413,-0.0713813626776206,0.0605683508694809,0.157442686172321,-0.0751412129278715,0.0615301103586199,0.133038939087585,0.232303278875539,0.0241161000626478,0.230711383211316,0.22035277188949,0.193010429231682,0.111428039573412,0.0835548274703053,-0.0886804358529538
"R11203",0.000821824201554255,-0.0391728945835738,0.223350263125131,0.0757425598647164,0.104818774038263,-0.0269063483379465,-0.0993354209863269,-0.138238470768946,0.00518164731703462,-0.0138125594279396,0.016788403357591,-0.0297106709846863,-0.048628069097087,-0.0184731405795517,-0.0455808781366051,-0.084394930817048,-0.0360082493950262,-0.0867503766826359,0.116780937892211,-0.13286460518555,-0.0327889292659457,-0.0786782955682729,-0.163160981739925,0.0663226179794622
"R11204",-0.0271885823814691,0.032506030106977,-0.101844235750129,0.0294226146144429,0.01769862809299,-0.0857245698012667,0.0748130566645021,-0.0234237429398167,-0.0157878434556559,0.105967222437892,-0.0247779115307304,-0.0547855829722614,-0.10055804623928,0.0763945151176664,0.0759015280240766,-0.0614297755894905,-0.0554398391394102,-0.115827597121738,-0.0453738107534783,-0.0542603591272888,-0.0979491697744799,-0.0327259038491097,0.0516155943942896,0.118806780621947
"R11205",-0.0434076823335359,-0.0390510523290793,-0.107957379382205,0.0350381573022984,0.00373376041145762,0.0276669370307066,0.0891699052334415,-0.0197158494416687,-0.00157837663121014,0.00444295648622659,0.0192048331416266,0.00536142466351893,0.0308696311500295,-0.0279277280668555,0.00128941809512586,0.0601079668951676,0.0947663851420932,-0.0502779334560804,-0.165130124192014,0.108282951440518,-0.0304941779163442,-0.0203510522718742,0.133378540913423,0.094971107980274
"R11206",-0.0454055396792577,-0.0504294381822189,-0.0106101377159924,-0.00690608681454741,-0.0105069957222708,-0.0520403611626144,-0.0292559772025672,-0.0298410454071348,0.022392769393401,-0.0611727070527109,0.0885120371798866,-0.0555055723653719,0.0429907915644328,0.00495680393601714,-0.053316416328007,-0.00442841404103644,0.0365469531789359,0.0878901166555719,0.0511242213110888,0.0345780617399601,0.0952805085648462,0.00849041791875534,0.00418606334705919,-0.148500339242713
"R11229",0.129012991980814,-0.00162451833440046,-0.0817655373935145,-0.063829349439966,-0.0411792997938073,-0.0205098897075587,0.191496692872963,-0.0215634004786353,0.180069726721251,-0.0682548695892607,-0.0468699595207951,0.108636076135005,-0.0154280115217636,0.0246861717308166,0.127224709076007,0.0783025209848703,-0.0451764007236585,0.108354901913908,-0.0813267364201955,0.125541412528748,0.051476695211687,0.121792920791154,0.162372784266594,-0.0392597606802738
"R11230",-0.0388957000242896,0.0857401349673507,-0.0245227033117362,0.167361711216424,0.198983618697851,0.00978066099446914,-0.0130732338169234,0.0347112539303659,0.0280889159699847,0.0150373816559161,0.0633717360315002,0.0192432519475397,-0.00130212105567106,-0.0333226477461034,-0.0399338640577918,0.00525815975409256,-0.00939691889875437,0.0872922389796003,0.0395575402598181,-0.0112968911460729,0.0774630533100418,-0.0106152729773498,-0.00706468798664614,0.0234579705323174
"R11233",0.00887984476801255,-0.0972430551166904,-0.02152638693179,-0.093421636830787,-0.103345942209837,-0.0168182066631033,0.061752646485416,0.05109774993673,0.0652290202584526,0.217723576976447,-0.045038428478665,0.108458041970582,-0.0878471966329243,0.00565498462095285,0.0243831356256134,0.0161320205482442,-0.0629459131854064,0.0917618857170499,-0.063702734754955,-0.0289962872970957,-0.0416366018595735,0.022591388724672,-0.0169099962312808,0.250792341410183
"R11236",0.0203325684687787,0.136810730702819,0.0830781798426454,0.0605515538420203,0.0598793822955127,0.0163553987452791,0.0130117622405853,0.121604274379645,0.040498920377633,-0.0243097026146784,0.0957173900118598,0.0338291034342209,-0.0184098650775907,0.167502101551798,-0.0196935940182515,0.028644721319837,-0.104211054503734,0.20394224074423,-0.00937524097628315,-0.0114965456737264,0.132745099040221,0.120308833346873,-0.0333329360485913,-0.127134026257931
"R11241",0.0927167959950681,0.0349725094671159,0.0736867698210329,-0.0649307962505866,0.041400840950495,0.0179431085348962,0.057951313566604,-0.0793569446007299,0.00589303177361567,-0.0112620386144105,0.0715646291397815,0.0331558867684026,-0.0946390285772664,-0.0170401160416319,-0.0501567000058207,-0.0257970758098029,0.0361356002781589,-0.0121863304383417,-0.0198198571865744,0.00550984488715569,0.0451661537880459,0.0635172004172377,0.0641913869707803,0.091605400337472
"R11242",0.099896373036059,0.149014822455894,0.0512156623311961,-0.167463059800756,0.0911963354217387,0.191088339276769,0.0220328682750759,0.0504891023398641,0.0155808858137175,-0.147858437965718,0.0330147524804565,0.090639809654148,0.188252130126978,0.049771668364116,0.0476491534484381,0.174885051125735,0.098683347543019,0.0416352254749306,0.00607337643654153,0.163049982054881,0.00778700977520093,0.0651811887059269,0.0508016349226977,0.0194309009907399
"R11261",-0.0777657448567172,0.0839151467139073,-0.156730285839777,-0.0478194252552168,0.049138648641516,-0.0159860687599326,0.137438850846657,-0.0220132648410421,0.035579414191598,0.0225354630037017,0.0314695650673689,0.0881472764823996,-0.0492854096847714,-0.0433774113583775,-0.00579290797464457,0.0835614187845016,0.0666699354478366,-0.0916783924629433,-0.102084463839515,-0.00747880731073048,0.115946797611528,0.0330297016012094,0.0841802302533292,0.0232336801823192
"R12177",-0.162893313856185,-0.0695443843340861,-0.029019487512942,0.0139169096840959,-0.0774410965384061,-0.098346595959669,-0.101461202240741,0.123092577319177,0.0171456240480545,-0.0338363811601763,0.172431226573201,-0.13066163007891,-0.0769007829096451,0.15698357380044,-0.166104082264623,-0.0940628272380872,-0.0202719712385019,0.184976969560425,-0.00336662018903307,-0.110121231175442,0.158242980125208,-0.00801703882461186,-0.0410138178931017,-0.200235815734267
"R12180",-0.218816165510577,0.114191106490495,-0.108182904931769,-0.118397426465247,0.0706411312298672,0.197239170476245,0.153747815548173,-0.193334244471472,0.196409652251346,-0.190286942867232,-0.0505765923102365,0.245569499208661,0.11649739961337,-0.244730022580289,-0.196574425913596,0.248783516731437,0.0836947382884381,-0.0564136990993548,0.0747730904978011,0.074950351929554,0.0721011075902145,-0.139937786326994,-0.079624464344739,-0.044920772992987
"R12182",-0.0440901176329805,-0.0021535399554726,-0.0416424327006575,-0.0593145107194942,0.0859698381577285,-0.0263681658295585,0.0681096722317682,-0.111922668195901,0.0958720370035949,-0.0166142658466854,-0.00689436839775232,0.109444287208576,0.0304253627213274,-0.0821928855072997,0.0557872581488928,0.0776461596182808,0.0322823118079314,-0.118527978192654,0.0381150408209081,0.0599640716378764,0.00249517237492546,-0.0506242286554621,-0.0269791299090979,-0.0103207609514069
"R12188",-0.14345240461719,-0.142886158325984,0.0486042758089911,-0.00709941055647651,-0.0769738252231159,0.0261636345348487,-0.104551778253663,-0.0258109646021663,0.108186146540599,-0.123404271879871,-0.0662687876902699,0.0677644225899333,0.0827649961015092,0.0927546468352328,-0.0188614642406373,0.0706216041466664,0.0392968750172214,0.108262418161889,0.241072509721154,-0.113042256672542,0.0853935989618968,-0.0426373777127688,-0.22010499029547,0.00435638928145002
"R2216",0.0529000558740369,0.211666696694711,-0.0381100351562305,-0.08171141231998,0.0548423020291398,-0.105845017184626,0.0454634401304747,0.0105636299871962,0.0148357088276343,0.022054225091154,0.31003566602284,0.0469934770875401,-0.0390413912879104,0.241499735607137,-0.0889739964485564,0.0768367484242989,-0.0191936196515357,-0.0303892247111416,-0.0522303727731929,0.0428046970184118,0.310617199774247,0.240420857491225,0.0490197636079965,-0.0713155198061294
"R2279",-0.0197727106709048,0.149366455970023,0.0274725019045144,0.0266011922541052,0.0265924219908492,-0.0767254263646765,0.00524467823524539,0.033144768302155,-0.0193061934730407,-0.0219330865042174,0.233411182272561,0.0828366539400398,0.103908399674823,0.0871682629550474,-0.269262666810931,0.136459764669576,-0.0667972561006113,0.141093387068652,-0.112810012304344,0.098152278698904,0.17221974059052,0.0697394306680356,0.0331958471829782,0.0157804004221099
"R2725",-0.0952890910615875,0.0264923345437232,0.0242907883973699,0.0825581421304566,-0.0732562857650777,0.0421798207439208,0.0572669370927514,0.0450373715796521,0.17388668972975,-0.118593265226037,-0.221007894932317,0.0959785992141786,0.0782324210787325,-0.21869899030375,-0.0919982369542608,0.120832911830531,-0.0479317111066408,0.10618291166115,0.0493437943439229,0.0524391356638622,-0.0928095632319579,-0.160716947507324,-0.0910402786693823,-0.00403607985809335
"R3758",0.201942337760365,0.111629237597546,-0.0506714389066815,-0.0466429644756263,-0.183060340690451,-0.107223767121185,0.00774393656526982,0.0680433095585507,-0.156494640367448,0.0560411485609529,0.159541304020672,-0.137627468170246,-0.124403383327779,0.164202797545895,-0.0534185459455513,-0.105811413459977,-0.048078322798886,-0.0156095039585268,-0.182820933412866,0.000306489597885956,0.149805531167837,0.253620379446309,0.172842746782843,-0.0105441756929377
"R3854",-0.107393853545075,0.173948781740678,-0.104941370617583,0.132851952168013,-0.104807124990724,-0.0107455973535736,-0.00099828152404442,0.0217552309633013,0.0657866007788494,-0.0470816119625661,0.283699273464404,0.0635858603423899,0.0449720306380127,0.340456827442693,-0.155869938210762,0.164773490832294,-0.0374578753282551,-0.100718641439566,-0.0606574407435206,0.00574932334394,0.276139109825994,0.163717324569143,-0.0195870884517718,-0.130537388044303
"R4712",0.0371880060041195,0.115401778973624,-0.01906958745022,-0.0233326400115091,0.125874628579452,0.0884169170054081,0.0235393872559934,0.0813968120048011,-0.0604125801110895,-0.0201946514268898,-0.056522495297109,0.0281499256417841,-0.0625417976797161,-0.0193057438932857,0.0668940317352834,-0.0309528953194396,-0.219242692615368,0.101309911264138,-0.0620662103871845,-0.0305215408114236,-0.000256190603095168,0.0990781923453152,0.023675834525037,0.00259087783088983
"R4715",-0.029466170468573,0.0298917359907233,0.00478972166069102,0.0167613927044025,0.109837313916476,-0.0532582556471127,-0.0165707401336822,0.0531316161339072,-0.0104155637483602,0.0250092585181461,0.0211654827378819,-0.0490318563821484,0.0533072374335379,-0.0453607755102428,-0.0525855790630129,0.00789022818668092,-3.30072447683842e-05,-0.00517152380489955,-0.00277482824809041,0.0329471319338624,0.0162032586415763,-0.0281265390952758,0.0140030764090775,0.00873870548160133
"R4717",0.0324221463827858,0.0166322817231838,0.0873097484050429,-0.0816414437021269,0.0509012384783338,0.255267052606495,-0.0758250630219634,-0.00326307641316301,0.0148772857249155,-0.154114922839836,-0.109456637300805,-0.0480746712927392,0.00339781332639485,-0.084772403738971,0.0232991288563006,-0.0638666989357391,0.0103977323716582,0.0835823909438465,0.115010500616616,-0.034482799081652,-0.0260110491547604,-0.0403769439648396,-0.056018115430799,-0.0324275670004672
"R4723",0.131863703161589,-0.0880683798958377,-0.00215440676219024,-0.0302776371833999,-0.0193577475086381,0.0179984766927932,0.0600545588290666,0.0655830937739967,0.0233988395053152,-0.0556468326663045,-0.117035361970621,0.0278331923240753,0.0430465947665979,0.00169303471543522,0.0939858927057212,0.0462313862372103,0.0303136258272851,0.134271765738659,-0.0841436272148482,0.129344574221281,0.00982812766482814,0.126081986343805,0.132381531753182,-0.0938236052629733
"R4724",-0.0398840404112457,0.0783820266773236,0.108974664687927,-0.123766573443384,-0.0099424555441646,-0.0487479433953959,-0.0414326106879836,-0.0414228695025038,0.0830176065120365,0.0373322301327334,-0.0547055963116425,0.00648758089051042,0.0452367478949571,-0.0891584450113614,-0.0489174107714124,-0.000299430121454862,-0.00120019824906841,0.0156834123625733,0.0808281726432153,-0.0424872261708638,-0.116446262141832,-0.121452176927831,-0.109058411824541,0.0522597086786091
"R4727",0.000467038082009279,-0.0808923064350758,0.0589463101859701,-0.131041943475213,0.0768460872479464,0.13947328498612,-0.192008200598426,-0.151321400807394,-0.125417440056167,-0.231595950456576,-0.0202210444363082,-0.12475604233426,0.105346056425819,-0.120021913517817,-0.193289325724266,-0.0243681458501917,0.107013698683687,-0.0600114051400368,0.120487518995506,0.0490635899649692,-0.130320382359986,-0.179625445708465,-0.0992899130283898,0.0216154066619237
"R4731",-0.0440479149911257,0.047766005782925,-0.0350313169880118,-0.0831103374906155,0.0018975540037486,0.204311573917438,0.0782337856035121,-0.0545483408300165,0.0704016143103703,-0.170803736604766,-0.0845773402283208,0.105757422209169,0.199028018116477,0.00564010475598862,-0.0428727767564974,0.200752688077209,0.130372195636912,-0.0756898946195486,0.0201860900904172,0.110534673065357,0.0227911934641467,-0.000258011339105047,0.0058209149524284,-0.166770994429192
"R4732",-0.0738026260009076,-0.0672295605044314,-0.0838574296901086,-0.0483992102399052,-0.0969181204992832,-0.137548689876501,0.0378067063284754,-0.0265372453151926,-0.0224298887527078,0.243953764909351,-0.0883373461534215,-0.0351573653892739,-0.0139079426797056,0.00741289792666905,0.0470103918865909,-0.00682686562033055,0.142744086952179,-0.0346385047799338,-0.0699112846368847,0.0151149570334222,-0.126254433202266,-0.0573390359310044,0.0525547810659735,0.086921356553589
"R4742",-0.0113378432030608,-0.0322522957800484,0.00181320074817929,-0.0266164269835564,0.0419128341047226,-0.0414105817875024,0.0147082988944589,0.02984056495785,0.0162609047964486,-0.0289668170875903,0.0724756944422077,-0.00301015822165888,-0.0473483011487199,0.0565249172313902,0.0197543018593552,-0.0205710400295436,-0.070253184338071,-0.0960945060365311,0.014589005043368,-0.0254832360716573,0.0781682621059732,0.0505164795343192,0.00783686367814225,-0.0127709718527994
"R4743",-0.0302336892222455,-0.0214644091551387,-0.0134917491624235,0.0755410908755033,-0.0840780942751225,0.0594182865965325,-0.21285830940906,0.0249779185564268,-0.157899848298899,-0.0664687394491421,0.0613484312699118,-0.220912213907104,0.156033694709637,0.0537669297341615,0.0207946001398661,-0.0736029865593617,-0.029390046746515,-0.0332103482926769,0.0444135661306644,-0.0117004517697601,-0.0181109458735256,0.0183747606600152,-0.0557193429624469,0.0541118388325009
"R4756",-0.023243035287916,0.00508089981704359,-0.00803454503659218,0.015943177581484,0.0473164741208148,-0.105146172702784,0.170229103596559,-0.0731435243777556,0.0236756593327237,0.170317280979208,-0.0321144163921423,0.122610760145647,-0.232076952821439,-0.0156368648580513,0.00991794964878743,0.000813857027063394,-0.0603043508186929,-0.125674218352215,-0.094066173579732,-0.11328589985479,-0.0574042374325971,-0.0447802357000395,0.0227389044425165,0.0588655561599359
"R4758",0.0377441387633523,0.0548883821440132,-0.0175644955213832,0.276047187919184,0.0826202045751312,-0.00583923127124692,0.0837263527254996,0.0190859369310524,0.0980460874079703,0.0515504806231343,-0.0392142045792088,0.0593770150357837,-0.0476635583394849,0.00811724728475682,0.0236422066295057,0.0283970798109365,-0.0170391917269128,0.0668499993263061,0.00913361773941351,0.0799274417404201,-0.0130472353312218,0.0178845722216258,0.0423023084761362,0.00619216898992673
"R4764",0.114754679576401,-0.148949593561698,0.00988138608582404,0.246580552789233,-0.288594619553371,0.117295074096155,-0.122564524498119,0.0562979170371988,-0.100653830230022,-0.0615493218735154,0.046943451608781,-0.125198862446023,0.167137740959757,0.128143579443398,0.129344110231741,-0.00908608223057582,0.0123369067253828,0.127026981337538,0.068150193417857,0.101021940283254,0.0475569956019239,0.154854622198221,0.00371550571667279,0.0363638130071247
"R4778",0.0691151159413284,0.0227979345063737,0.0189828008333566,-0.166165336536218,0.0748936957024166,-0.076846024203451,-0.168303305101382,0.00123196267824491,-0.110329608798758,-0.0251501327476909,-0.0339499738750662,-0.160428774691192,0.140900823221287,0.0359947896454324,0.0539419011713958,-0.0355969043734474,0.0189511430108346,-0.101475170849241,0.0404015880728956,0.0629816821455673,-0.0535515817041045,0.0188273417923071,-0.0353070372861839,-0.204591164356612
"R4781",0.0164449009863855,0.0205631342902547,-0.191451785432632,0.0436514492492352,0.0125881655413135,0.0105380755366262,0.174229060390666,-0.057181491740186,0.025788375927442,0.039239572970836,-0.0119554639583154,0.0995469728236305,-0.049080194944992,0.0354490310408259,0.0924555138639054,0.0779128905694873,0.0378092513383554,-0.0634185359236194,-0.220097810309991,0.100548755665725,-0.020889706300533,0.0581748336727595,0.190115174029858,-0.0758326954962932
"R4783",-0.0449488569209794,-0.0981297182753121,0.0749006297800212,0.0722224269482761,-0.137980414167245,0.0328877633688073,-0.0487971045824927,-0.145463493064603,-0.0564237112590862,0.00106865298390744,0.0921961048983375,-0.145578201667479,-0.0635514488215967,0.0224605994871395,0.0672506416798781,-0.132789405473373,-0.0367226309831667,-0.0931912957989749,0.0735483766117738,-0.0832378008324983,0.094880292371136,0.028701662197186,-0.0446813073468526,0.00206325333049734
"R4784",-0.0523072626366955,-0.049045415276266,0.0839750153216091,0.0625536737218962,0.098404474768067,0.0540581061118296,0.039572538357617,-0.0174845265978555,0.0492824040401221,-0.0116456483304172,-0.00885432002649162,0.0600241543368407,-0.0499906679599304,-0.0968784320320619,-0.0711378516413269,-0.0306319600142198,0.0305091416685831,0.0657052551069669,0.023217408125019,-0.0388648194302812,-0.172807252944907,-0.176849327311322,-0.0667078274336175,0.244802446611959
"R4785",-0.111005944346082,0.0419251330983907,-0.0643204067266767,-0.053640375214903,9.97099727915242e-05,0.0317070988993572,0.161957156657204,-0.101143036917341,0.161245665689102,0.0133700099994932,-0.0288355891648051,0.231497010063531,-0.0133557847317806,-0.0242804420168527,-0.0024720347365732,0.183648164744614,0.0645830002588196,-0.0862907746088806,-0.00344475190399665,0.0168093733161309,0.0389866668941809,-0.0425799138539811,-0.0481355865788931,-0.108943700884676
"R4786",0.064321235140106,-0.0598024293943551,-0.0670718304161254,-0.0126692075883393,-0.127985088639042,0.0411250944226761,0.0744447959213726,-0.0045476467376846,0.0237339501548608,-0.0438546472173699,-0.000122696144919867,0.0502429436856386,-0.0255197048888557,-0.0183094451321305,0.00755843269571413,0.0392278127893202,0.0394068415292778,-0.0446540228540995,0.039206363202265,0.0661307410743436,0.0726215396677502,0.0658972521841147,0.0722605264123488,0.09214912684469
"R4787",-0.107288195452466,-0.0703419252601463,0.0353276423494911,-0.0323190214331532,-0.00815905954226923,-0.025121271647771,-0.0585626615916933,-0.101515589731416,0.0275219678629105,-0.0201566883192989,-0.131490550071348,0.0229913079955835,-0.0689516240632232,-0.131350832388674,-0.113206301502563,-0.0665944492908255,-0.0453168290018213,-0.0936606057090328,0.119298461307381,-0.139893134932967,-0.122280176670471,-0.209460966869248,-0.169732579944831,0.025305298452823
"R4793",-0.0151532877467013,-0.00937420549158319,0.0324462973955378,0.10364294868087,-0.00441108258449592,0.0141636450308816,0.0209309381732714,-0.0254538926968438,0.10271701714322,-0.00607284185964047,-0.0556480456559507,0.0922787247311182,0.00111954166896863,-0.08875644288131,-0.105327116482018,0.0404963990583617,0.0136771492112437,0.0393612774963621,0.0500914623998753,0.010114676145096,-0.0601089766437042,-0.106364686042819,-0.063040522255869,0.0521965051542865
"R4798",-0.147240536032164,0.0997795739684148,-0.0402812751849742,0.0430519433103218,0.051817462540449,0.00811955229796786,-0.00603101172195258,-0.0965426075323804,0.0791900045629311,-0.0156767155353632,-0.0310346645401429,0.0310813686525336,-0.0237089963447217,-0.0733627229709475,-0.0310251118500878,0.011333544759677,-0.157476319013066,0.000784583132704804,0.0116924523415096,-0.0856096840429307,-0.0230907541598858,-0.103656845729065,-0.107218971328782,0.146752994905037
"R4799",0.0484407220873066,-0.015737759750468,-0.153658232971365,0.0369453659478733,-0.0418355318627911,0.0435324720738137,0.0526640409068366,0.202260973375853,0.0535416854791617,-0.0361759868112534,0.00121926296585258,-0.11983364049041,0.00792241835083759,-0.0846850955488974,0.0437832767299559,-0.0116425213709129,0.160253131205311,0.038012007020056,-0.151792590272112,0.158375081161934,-0.0435551269044452,0.0211330946196508,0.184286137837329,-0.122525541957843
"R4800",-0.129765756937883,0.13212993566822,-0.0536915337635294,-0.0325731177501616,0.00661463971304112,-0.0713626420679566,0.020871397216452,-0.0178255314746567,-0.0687326227246508,-0.00659679091992693,0.171359859562055,0.0581562491805885,0.00926490157089386,0.0528634074372246,-0.197327402516263,0.0325152834375653,-0.0839328873087861,0.0695690095206854,-0.0284836025020233,-0.0659217805500888,0.0867525565396762,-0.054477213068294,-0.0524448218272817,0.0562471273392914
"R4802",0.0590237087408353,-0.124083483645266,-0.0112714538378711,-0.018744550051804,0.0374077953397513,0.00731469501963866,-0.00701258765979177,0.101720085283812,-0.0753667196177175,0.0343529578182332,-0.114130917307421,-0.0481001276934256,-0.0389755706697028,0.0584917989774178,0.158051967025108,-0.0674323924930037,-0.0643384727180211,0.166999584716548,-0.0246840235140811,-0.0219093462032914,-0.0657866247089728,0.081219425272962,0.0184737747105554,0.0745163343769097
"R4805",-0.00488848609828397,-0.109281148648326,0.0572387265173283,-0.0302262677166277,-0.0699299076855128,-0.129040892128443,0.0249939546331115,-0.0222671107412467,-0.0309805222906193,0.211430234453038,0.0203213002670543,-0.0340066404950231,-0.0407222282484574,0.0466479607733815,0.0466823122786594,-0.0406099238444533,-0.00188573092507557,-0.00120915541425147,-0.142316862269915,0.0352969046695168,-0.145290115899538,-0.0272635938834842,0.015860764757794,0.162049890724607
"R4813",-0.0614500613304539,-0.108479237065878,0.0908912923473896,-0.0667003401580996,-0.0532859675359084,-0.0843587039520163,-0.0865916459975168,0.00312470123872257,-0.0651129115632951,0.0402545975492851,-0.00739784829695661,-0.0890069827245555,0.0700350948308689,-0.0582182579295079,-0.0572110232639601,-0.045071548601146,0.0108279299417169,-0.126705401676419,0.0772659420291459,-0.0856405822484235,-0.0651548851609728,-0.109438263777602,-0.0912409180391426,-0.0577469475924672
"R4817",0.149916281314479,0.0508754381084739,0.0325838040582135,0.0750694675330409,-0.0112971439290925,-0.0171169173511131,0.0501187811997706,0.13627615328442,-0.0795697060099174,-0.0427781210776725,-0.0718415271676181,-0.0258123889461605,0.0776904478499486,0.0151532634684718,0.109911580025598,0.056276070371776,0.0122605420207329,0.14832902538232,-0.0197243360131161,0.110728956916531,0.0890791013220335,0.177005209686195,0.130516249074095,-0.0939742391654736
"R4818",-0.0110733489019217,0.00879746690314299,-0.0257900302545294,0.0136925168207378,0.0474127690803666,-0.00227060615851287,-0.0206564585168354,0.181180483647514,-0.0379057967113849,0.055641897129943,0.0189048496926161,-0.0335201028011976,-0.04627050601334,0.0671154624270907,0.00179681371630319,-0.0458675822946393,-0.0606162432176066,0.22393048262677,-0.0264082641127042,-0.0290232028507152,0.002652775912687,0.0131800905639314,0.0143996731048282,-0.0915884210314797
"R4819",0.0214451816967828,-0.0299646671945195,-0.0273289208478893,-0.111084969775071,-0.0923420646278021,0.0671032115910418,-0.0203825160908875,-0.0442522213487112,0.0122047511284967,-0.023627265098534,-0.0719767353010862,0.000746517625021019,0.188405475526282,-0.0525859313901941,0.0047647726828214,0.101148298183586,0.114910066467395,0.0182437424854658,0.058771354884931,0.14472516904215,-0.0621097029214231,-0.0394841094309289,0.0243086105862976,-0.0157988790222384
"R4821",0.133152945691398,-0.148396460113447,0.159048053935368,-0.0659789062341764,-0.114745162730423,0.0915692801057681,-0.0844465228544641,0.0245030587747275,-0.09684532952864,-0.164437437919325,-0.115541870305657,-0.0731189259954788,0.0365585599710269,-0.17814897180056,-0.0488341966748456,-0.0655295708102482,-0.0333610341604903,-0.0376926080775344,0.0495467333475223,-0.0147092741097446,-0.126391364704887,-0.0809358363560282,-0.0138139716910157,0.0642316369285899
"R4822",0.0737217230138267,-0.0685232369713349,0.0862564118846313,0.0849244198494097,-0.0116792639450678,-0.0763317687550747,-0.0437686097473275,0.136275110729009,-0.0936992384674141,0.0416635438825608,-0.12826510961324,-0.0799169300295181,-0.0999740017253312,0.0169785318754573,0.0810366426731079,-0.152379731506944,-0.219784506150494,0.140559978922532,-0.0182081227968568,-0.0948499216823461,-0.0973140949035914,0.0312262637653566,-0.0128206619706728,0.0290882350327346
"R4824",-0.0481599050913547,-0.0798061558199314,-0.0276586686492408,-0.0758005643190857,-0.00816277505515795,0.0430211211091476,0.0747628202146766,-0.0513515862143996,0.0313270234212524,0.104650709085314,-0.120800645860522,0.0811607501130662,-0.0658864168249544,-0.139858307853159,-0.00903947586259542,0.014048785222429,0.0264859945333197,-0.0502156676703994,0.00279211033399618,-0.0240175990376884,-0.182994640362987,-0.166796401934964,-0.0189697697802885,0.0798233517426574
"R4825",0.00303408280650753,0.00841898053824464,-0.0287470981624648,-0.0294877232143947,-0.00619696438414881,-0.0282993697786509,0.0682313688985558,-0.0328821595718121,0.0282701872188633,0.0303727240970083,0.101216689478993,0.0429045171871155,-0.0260513965064517,0.127750320834737,0.133589154089093,0.0214030092617232,-0.0778465149144328,-0.0685208257297252,-0.0497853289841582,0.012628030139644,0.146677390903139,0.173783481859176,0.0418586442344578,0.022531177726483
"R4826",-0.0214886007245646,0.0411561136819662,-0.0703020525741768,0.271838570560539,-0.00673383587362756,-0.0100057666908433,0.0268034220909995,0.036441056074084,0.031015911562548,0.029339928754062,0.0176183779371747,0.0489493022024067,0.0129010593686281,0.0568427276172958,0.0275019236928913,0.0522272719412402,-0.00164468618098064,-0.0241809362470541,0.0462761497613737,0.0132541186312695,0.0748999146050338,0.0551648408176512,0.0135938941163404,-0.0585418585182379
"R4827",-0.00698980473854639,0.101063505352898,-0.0328878938051232,0.106061480170043,0.0827453972693167,-0.0541755194346774,0.0301030367819463,-0.0505064437540442,0.0857421978263107,0.0203890450353374,0.0767185609585354,0.0545540828375733,-0.0727745797198808,0.0420904768291498,-0.00635953090178596,-0.00272968888516045,0.00193193274574937,0.0276528748101363,0.00245540337591499,-0.0132692409172887,0.0626591952552059,0.0162906924374409,0.0280301480506701,0.102212475871966
"R4842",-0.182606214329588,-0.0386675036796286,0.0597347856784787,-0.0223902357913881,0.0165492653532104,0.167845929838916,-0.118698925163387,-0.157274461807638,0.110820013776137,-0.194568310928133,0.0751611458554825,0.0103768290374845,0.110464747249453,-0.0916880116962894,-0.237348966319226,0.0851609428373409,0.0437007022238418,-0.120580871424479,0.143897507413859,-0.0481279417578852,0.0459884566652433,-0.191817699617397,-0.194799794172939,-0.0150768949126791
"R4855",0.157630198236007,-0.134863175702389,0.193519542322961,-0.0985194494165981,-0.0596987206428852,0.0680876352597342,-0.0748766887305774,0.118044767891019,-0.081701143409186,-0.00690160253584887,-0.0696201897450087,-0.193702204102493,-0.0720931339015184,-0.0986153255607489,0.0693576384432235,-0.197352598504873,0.171474609770086,-0.101158563392114,-0.0352596375688544,0.0242613801985334,-0.217188862364796,-0.0906561433293646,0.0761093298115614,-0.063608130188536
"R4859",-0.0408912769514349,0.0439445108690302,-0.0490847537150884,-0.00282754551873927,-0.328724516367865,0.0343487256521949,0.0181474587935441,-0.0700480975747812,0.13947410959497,-0.149970336101417,0.0162634480309005,0.0440100327594795,0.121480305711753,0.0129590785640661,-0.203294548655512,0.162338305006778,0.148449187240265,0.0267005637037163,0.0499099733551751,0.14340017387202,0.151009556878414,0.0264603853041259,0.0422013259313909,-0.0814981986915141
"R4866",0.117232212027829,-0.168207815822295,0.110571023930211,-0.0904926669809301,-0.0615148377496412,0.0101154806067452,0.00690535181416372,-0.0547501850767688,-0.0539776529149863,0.00132524936471206,-0.0473328824594122,-0.04146885163477,-0.0281126419928058,-0.00512695802192234,0.0982106749208469,-0.0554526243948945,0.0417488712105578,-0.0133858834116435,-0.0424446056331923,0.0324896918417252,-0.0810740502849716,0.0248782319124048,0.0783028936002442,0.067638803760235
"R4867",0.054818581304557,-0.0273982721655608,-0.00310955320972401,-0.122519542615733,-0.118026917030509,0.0928971368697667,-0.14094163135085,-0.114198681064669,-0.054645691134175,-0.173229575925321,0.084382942079114,-0.0887734551100811,0.354082225734592,0.105016679287824,0.000396158316402465,0.154478543829261,0.203640809117142,-0.103264402005009,0.00402221531832028,0.211792526844888,0.0625866495071579,0.0818441704297772,0.0472104411128823,-0.126621631520132
"R4873",0.0129872725921862,-0.00899183546255172,0.119074653461214,-0.0407216429545166,0.100638817183476,-0.0848246516552596,-0.0619010021177353,0.00184852212280859,0.126328968943193,0.0729099714813757,0.0259287602435905,-0.022236972940358,-0.0358433206566994,0.0795382956347853,0.0582386610416733,-0.0887833733911254,-0.0852225294581987,0.0293959483451183,0.0554516907172792,-0.0757811259495699,0.0353944382996459,0.0163149531559639,-0.071934082679099,0.0303345358236444
"R4878",0.0334223112671165,-0.0394623012072373,0.0465470411387265,0.0549620636575573,0.0440362055995816,-0.0831346794187321,-0.042682140187532,0.200435930601942,-0.0945766997272304,-0.0136290807580376,-0.0900648654972076,-0.148238510428491,-0.0983604845287553,-0.104939640873194,-0.0146115674174358,-0.158734413110811,-0.034213447890312,-0.0194007911746664,-0.101181020240825,-0.0195842611535287,-0.161162663884234,-0.0788730681047412,0.0604512784015028,-0.0633101822676892
"R4886",0.0330458523486788,0.187860085768205,-0.0757939079845539,0.0493809680875265,0.312540226039512,-0.0373477808947051,0.0440214138948056,0.0808899113892951,0.0142613843778975,0.0348081051590256,0.0122606516235285,0.0329818493436203,0.0444015937639359,0.0367514689837193,0.0548744065314014,0.0727052803109271,0.0369691816244792,0.28602169744018,-0.0215050556003062,0.108276214390392,0.121762433745061,0.138597595629806,0.106289510719803,0.0111936183499951
"R4934",0.0984089676693929,0.0245583095655654,0.099987313039565,0.0347096904520411,0.0614435630811108,-0.0112041498825807,-0.0781686016956485,-0.0316761053635962,-0.203471779272693,0.0682876061875109,0.0876051259168242,-0.15590935963405,-0.0847374515332443,0.133518749137903,0.16030806034998,-0.203013566714399,-0.265518628705162,0.0137305021218571,-0.0685711592097758,-0.130629719099455,-0.0822012891394937,0.0828273816583588,-0.0258997513022555,0.166433015587207
"R4973",-0.0904494906142189,0.0217931033456514,0.0590864459806616,-0.0102336655776964,-0.0898195550462048,-0.039251966705296,-0.0785393308227581,-0.173095617509191,-0.00768996438205082,-0.00464487923587256,0.151803543651914,-0.00393839332044991,0.0396568658023623,0.0612286665421266,-0.107289891432656,0.0588271608780637,0.0787079286165018,-0.100554295515881,-0.0413421616954645,0.00144628767008291,-0.00826834159750004,-0.0534997376446999,-0.035054091878589,-0.0879102755884831
"R4976",0.00663879309240392,0.0489962833535668,-0.130261074020723,-0.0125084444106406,0.00872476279317963,-0.0243070736412447,0.213535403980568,-0.102826506037802,0.100719968232797,0.0566928028196719,0.0447772133302147,0.195408549715878,-0.0727208841405196,0.01944856328508,-0.0443010530655739,0.134248129409644,0.0778843671328411,-0.0647316381111391,-0.124819357669454,0.0775111417874059,0.0792863585112184,0.063129496192677,0.128796015316402,-0.0154671043203682
"R4978",-0.017625679783025,0.0323260214575735,-0.0594073837808376,0.0406112740646619,-0.002992173740754,0.0129350043567244,0.0133593671540436,-0.113102984181136,0.0339384364640982,0.0055546367737864,0.00224401234347837,0.0419013573858495,0.0662269427683803,-0.004383433587784,0.0410435707826418,0.0732661778113287,0.0740217661914872,-0.0287934620908506,-0.0332666711857918,0.0665391603110312,0.0257678145004117,0.010711241788738,0.0689893007658991,-0.0157588709903626
"R4981",0.0153883880931222,0.0426076447499832,0.103044380779023,0.104263020303626,0.0495887667515009,-0.0581940708764401,-0.159594994244065,-0.0740027847781834,-0.119182312241336,-0.00964114625703523,0.043680701276114,-0.103827898990736,-0.00251260878849001,0.0484835536348035,-0.0137363172767147,-0.121854352435754,-0.172162384921822,-0.0558159326063559,0.121993854197546,-0.0969011941893288,0.0613275870239523,0.0318914419827695,-0.142548362715837,0.0588691598015226
"R4985",0.0636631803311248,-0.147209026218757,0.107478666655755,-0.00252408213487743,-0.0300541977097469,-0.0323837572153135,-0.084452051745749,-0.0371656486576848,-0.0681668009568917,-0.0437849757137984,-0.0561123915544734,-0.0635875696672698,-0.0533216630111616,-0.109968264858452,-0.0289643074059322,-0.11445631500684,0.00285570663604488,0.0264465011492714,0.110909977679787,-0.0560443171258707,-0.0260325612215904,-0.0564391959321461,-0.0597416632998966,0.0319943840006497
"R5001",-0.0258783657829658,0.0140613853016118,-0.0247601769782849,0.0132973594280902,-0.0136493518557302,0.0599451646607534,0.154689779714441,-0.0720914606335494,0.13321804015046,0.0331895690775156,-0.132462089926783,0.180772766556108,-0.136608534803766,-0.0704487966763178,0.0532528636582949,0.0797901551580018,-1.26055262225919e-05,-2.69225839758796e-07,-0.0610475526681799,0.00560278655257919,-0.0422570840985991,-0.0249973756734887,0.0212427704668075,0.100389834497807
"R5002",0.00373921199400954,-0.0952092309967548,-0.0035396532824099,0.0183104881749036,-0.106685885018419,-0.0101148356348823,0.0603091726990903,0.0358157363780371,0.140858582327769,0.0191522741395321,-0.0786893099365232,0.0728535274181094,-0.0191523338116021,0.0197130581199362,0.0633716656427142,0.0495413974970403,0.0538858832922588,-0.0419814737304508,-0.0274472130556608,0.0484152698891833,-0.0314224491933695,0.0185444381672182,0.060501412816763,-0.039414016161952
"R5019",-0.121582067263005,-0.0878983880098359,-0.137938447989724,-0.0483376534666163,-0.0767922900147097,0.0191296338578604,-0.0462057264094981,0.190124631046051,0.00390077758171674,0.0183325206043975,0.00737588582551977,-0.0824403158113905,-0.188734666521369,-0.0431182534014649,-0.0632746119496105,-0.0682239387403312,-0.0327126132947425,0.0217628985094036,-0.0581487364938902,-0.194805389067044,0.0560949702115892,-0.00731946214861706,-0.0218595304950547,0.0388253798327421
"R5023",-0.0958148042316108,0.155756450677576,-0.0584608221246439,-0.155957090865292,0.151909057015113,-0.0760644461188174,-0.225839029894753,-0.183435928305528,-0.0483536000997823,0.0389172817996269,0.0930816261546479,-0.165601807193662,0.0026007161333748,-0.0762716712856315,-0.207371901625131,-0.113671426756234,0.0783096781693557,-0.0420499333938825,-0.0936270327066708,-0.0667542986893953,-0.0345940212809378,-0.126440607155065,-0.106484389996637,-0.0374872694270638
"R5024",0.103122137814185,-0.0715348069109295,-0.143441900799111,-0.00327212042319709,-0.0555110980496553,-0.0250247124128452,0.0670658139770751,0.151935347088343,0.0163920856787741,0.0133659480055211,-0.0310116269513212,-0.1178419528791,-0.0279419811404288,0.0192451038803943,0.108036254325631,-0.0249505569530198,0.0997101620398464,-0.0536691220609051,-0.0749677212801387,0.132984810374908,0.0431447154252825,0.11226034749783,0.162018927225932,-0.236806296181559
"R5033",-0.00822147733048516,-0.00348534072383807,-0.163786226989532,-0.0289744581622074,0.00434903761978602,0.124807865477728,0.0697322473274583,-0.030643366999639,-0.0794061692144748,-0.0363871284493157,-0.054360150637925,-0.0197996720871111,0.0681912654823646,-0.115884606833942,-0.0014492451407203,0.0427957534604398,0.152125900544502,-0.126181965452984,-0.176046319886727,0.134780293657541,-0.0710678589225917,-0.0352076424976553,0.1818569059428,0.00448404424319513
"R5034",-0.100038204912772,-0.00239514490297727,-0.0224072500876912,0.0740880912032202,0.0644891887304658,0.00667433936564786,0.00523672523149802,-0.0611579585474424,0.00259018223121947,0.040492400742975,0.0553798776941215,0.101736531895231,0.0692370058858991,0.099603365094082,0.0573941073939249,0.0745848157870934,-0.0631379612522399,-0.0259093544112543,0.0647932879974662,-0.0219409523485113,0.0709566337770747,0.0320467838446665,-0.0884487739295786,-0.0210551725301493
"R5046",0.0502009287893714,0.0203074772231248,0.0929106954798955,-0.0422836502249573,0.0403631216361881,-0.174550496412274,0.0558699352847655,0.131186083598181,-0.0404031236214223,0.0973060064201674,0.0555632868015189,0.0184459492825953,-0.0487467599630328,0.0499345490635447,-0.0187747817371582,-0.0177456363661062,-0.0575594763793822,-0.0557884566640134,-0.138928375726761,-0.00145343297526278,-0.0366350059879125,0.0385682478816103,0.0332423295742283,0.0727473880773561
"R5048",0.0369619343852031,0.0277343934466606,-0.0360245410912329,-0.0399485893489376,-0.00782404042213425,0.0588657915330078,0.0372178124072503,0.0354193307277135,0.0190344523999615,-0.0264277345307261,-0.10761326865885,0.0677463750942053,0.0318794903612429,-0.0776719912834745,0.0433320388341154,0.0734065309230375,0.098901002491322,0.0699620614713382,-0.0213134556505217,0.0778351881808687,-0.0330691073780781,0.031695462329424,0.0586799319754321,-0.118396097927478
"R5059",-0.0161942758252486,0.0192274169974846,0.0326677491017126,-0.0388694636252991,-0.00112312099358718,-0.139796285981047,-0.0766627825265521,-0.0515081496017827,-0.100353844948965,0.0501938621125152,0.048483007858997,-0.0383062817305411,-0.0545871722240097,0.0665928595784954,-0.0145557811204477,-0.082745751216513,-0.110275339005938,-0.0625383066530491,0.0658645741333457,-0.097405176399726,0.0429460481404578,-0.00705152002162124,-0.0751448622645586,-0.0107986364594919
"R5063",0.00717478889740288,0.041105143408924,0.0274059974653015,-0.165210800640813,0.0309400414065909,-0.0841194185886209,0.0652143341310269,-0.0354052076522186,-0.0122623966191426,0.135350987705085,0.00432368148729004,0.0637207192608032,0.0824628245975724,-0.0669233184559034,-0.0108224086884489,0.100822274937463,0.0556898785384611,-0.014072092586641,-0.0578324581499786,0.060241145045704,-0.0557296172360241,-0.0182329431653057,0.01878238096304,-0.0648285789119114
"R5068",0.0257035487419837,0.152828865347812,-0.0540460194747801,0.0761290334127147,0.0616977509609586,-0.00142352832984066,0.0143508989960683,0.102971746920689,-0.0236184097583367,-0.0338034818170384,0.0558926888052318,-0.023865538200781,0.0177838740980598,0.040401408772037,-0.00255886211155063,-0.0146875867790773,-0.121182965601947,0.174286416583213,-0.0235155713769844,0.0017820969448955,0.0934146017288142,0.096298298623499,0.0374857521524592,0.016004290081864
"R5397",0.0900820885144782,-0.103272687945821,0.0794706413099941,-0.037625775135793,-0.0500897060348525,0.00197020699485172,-0.00881332461974696,-0.0983341818642599,-0.0249015037603834,0.0313803817999487,-0.0151385365205327,-0.116232554177606,-0.0451529542377105,0.0820669801591071,0.232067908267312,-0.121081607846947,0.002520397752926,-0.0466206247835905,-0.0130770171247323,-0.000444135128014643,-0.0626832592947318,0.0788217815503876,0.0401851433038801,0.0311704870747331
"R5398",0.0066392294055689,0.036027594025114,0.0897962878497956,-0.007365408696505,0.00813865858949856,-0.145811358603804,0.0388925936713553,-0.0225372759415914,0.0449234401607463,-0.00365350997518235,0.0102050981603962,0.0885909191955509,0.0301359745109906,-0.0958157978369737,-0.115757639409022,0.0706979842478417,0.0770127629006619,-0.0726222632606575,-0.0144961767362056,0.039505221051042,-0.0584346871804082,-0.0968393755703548,-0.0090287486535205,-0.0224510886894192
"R5410",0.0265094508008029,0.0439888302176528,0.0258170921186425,0.0354539738324591,0.108091934810493,-0.00144736997975104,-0.173619532621905,0.144559689635705,-0.112762507408365,-0.0346524496127572,0.0832168019183103,-0.151435658856229,0.168194286906853,0.0306183451700972,-0.0567628206579596,-0.00740247649634028,0.0375602380484674,0.0316266925934218,0.0263758414811152,0.0863292249458904,-0.0251594931034853,0.00785019742765379,-0.0527731104159974,-0.0907110043249393
"R5424",0.118171323549464,-0.0898319271013499,0.145924437137191,0.0470725642754617,-0.102279758366434,0.0305598141892239,0.0178476373007873,-0.0235209390488935,0.00479366747301904,-0.0335940489757223,-0.123212163205855,0.0149414923751294,0.0494459707226612,0.00190028748539322,0.0501007302439071,0.00877044834722326,0.0121026344902634,0.0552652148825612,0.0241542651091188,0.00110000336456678,-0.050089859057884,0.0297705618586189,-0.00525015504932851,-0.0818700428103236
"R5432",0.0115910797139672,-0.0818989274748795,-0.00657843238493536,0.0460239619297859,-0.0662297136712283,-0.0352419157805657,-0.133960515270795,-0.00552542585715302,-0.0292861839326792,-0.0528814425481606,0.0405549578933662,-0.0888866005130996,-0.0586952062871129,-0.087591701906483,-0.107101437973481,-0.138786824589557,-0.0663688689668756,0.062935933517641,0.13845609295019,-0.0860957458227812,-0.0147133607142932,-0.105866695632095,-0.126408933082846,0.088732941447845
"R5433",0.117169280182955,0.090456780772791,-0.094251897322091,-0.087351801089032,0.057770022074807,0.227524563359106,0.0338969979831196,-0.0438210666637361,0.0428236334471923,-0.195306277049865,-0.088443955922653,0.00699690133614205,0.270825291239935,-0.00328698024001844,0.0850452651151986,0.163397239372444,0.114122536570405,0.0608598314778183,-0.0179558486889299,0.235614077916073,0.0330421053169063,0.134898755009717,0.140632983678367,-0.0267945379705273
"R5437",0.0484759897450396,-0.149874844554075,0.131695833706527,0.142270791119335,-0.152114917964795,0.11351754324519,0.079554269866104,0.0125749758485288,0.153621095031586,0.041292596831238,-0.161771914289427,0.0442007663412674,-0.164725774295737,-0.0488036600807166,0.0730740081278599,-0.0582261973414637,0.0167711979757505,0.0425884978424131,0.0292948061016652,-0.0445926391306298,-0.0630176588489198,-0.010141892497019,0.0141727062294512,0.0779158979741744
"R5456",-0.0842670745175284,0.195557377699317,0.0229302219029586,0.0291677190965429,0.144934630506732,0.185381171915733,-0.0342238718593241,0.0190637786749475,0.239311785257055,-0.107383104607645,-0.121671272915164,0.0363158751598056,-0.00791790431051716,-0.144134021590616,-0.0904055330112342,0.0180151671375875,-0.0588898447875659,0.100038925471321,0.065271058575756,-0.0191043341640219,-0.0410662688988558,-0.12799443427246,-0.100242790733799,-0.0671990580899615
"R5461",-0.154030138071938,-0.172750485755603,-0.0940974988319043,0.0348340853935577,0.00868122494132721,-0.00288952692478433,-0.0504218481830502,0.0445674263029665,-0.231185280335274,0.0358770316912955,-0.0186396285834806,-0.0987932981360893,-0.0651113916667205,0.00827351170165764,0.0721351059018066,-0.132886221380187,0.116504070774358,-0.127523867440469,-0.00882083420039821,-0.254586817587798,-0.0810554366543477,-0.0437706985220943,-0.0271971655073716,-0.11653719463263
"R5463",-0.0130238562765989,0.157810258331865,0.029728925392889,0.0255946628984008,0.0752273659554096,-0.101493752543047,0.0238884131663608,0.0518382537291879,-0.00794831849072549,0.0186171937074436,0.10367352989686,0.0807140377374723,-0.0522139354758299,-0.0090214102724939,-0.0635952543229253,0.0363312070023032,-0.0315518573639719,-0.0149027657792461,0.0390496780146577,-0.0591327426064517,0.0997583943288921,0.00718526147429674,-0.0131885773751592,0.0133971096199973
"R5466",0.116162731711943,0.113377641374868,-0.0232336571170925,-0.110140853886501,0.0112827730543925,-0.0952426228277495,0.161223170422829,-0.142460612137434,0.0372791336011323,0.125948947067917,0.132143555385147,0.120089584459212,-0.12666034679494,0.0295873222654556,-0.0281248619795239,0.00528581533229423,-0.0929896386477836,-0.140762046654424,-0.069778002109523,0.00017149224105487,0.0532474171269086,0.0826381081371304,0.065809905949445,0.0319763245796373
"R5469",0.134574873692306,-0.053960045175909,0.0408218584427805,-0.037495919197366,0.010173563915356,-0.0966027123847267,-0.0152161519512435,0.098666657355364,0.0216093940219735,0.036995285462725,-0.0727259471182874,-0.0219560420567273,-0.0599365555771536,0.0887503073663057,0.15455620320372,-0.103087626644417,-0.0995755369122612,0.144081248976838,0.0396403515982746,0.00231467922240792,-0.0113817975344039,0.11116389953876,0.0081197348201601,0.0905296990387951
"R5485",-0.0502700711404944,0.02003261320428,-0.136179588784182,-0.0187077243471518,0.0348796689985177,-0.110721910177531,0.0737880612147897,-0.00416904504743013,0.123045215497429,0.152819748141358,-0.101321964320473,0.0216538668032279,-0.0176679309195448,3.39166049528018e-05,0.0764200239963353,0.0818271947619452,0.105178692864224,0.0303226043156282,0.0989219467212649,-0.0203513540360408,0.00156187470251368,-0.0315820516500887,-0.00644938146844327,-0.133284077790315
"R5495",0.0262995168713125,-0.0428334979021042,0.0444707772274165,0.0745387731116493,-0.00603796383538887,-0.0352913091426155,0.175085120725907,0.00550092425956492,0.0854032766961335,0.0802423998709905,0.117007848295943,0.167679759322279,-0.134523391972526,0.122159426076878,0.0293129906951995,0.063580595772421,0.00310787354938426,-0.0618009388410471,-0.103727155674205,-0.0123700136044798,0.100310838819838,0.0743598047631335,0.0544178137923735,-0.0409137928757135
"R5497",-0.0479687189041689,0.107171550342433,-0.0931827791317409,-0.114323944192498,0.11612917300252,-0.154045695797764,0.063355216972465,-0.145006324589057,-0.0606220027709859,0.104582806410377,0.0485400225623851,0.0501629587211954,-0.000158704212113022,0.0801824558409099,0.0556276225322305,0.0600300915361201,-0.00206362712774723,-0.096574270096299,-0.0811798476988827,0.0495260731720142,0.0215829344424621,0.0254083281971873,0.0539889187632201,-0.00429390628560062
"R5515",0.153892121270523,0.0377431232210732,0.156575834525021,0.0723328669534759,-0.0174162162056208,-0.0674012482409248,-0.0227165080978024,0.043120436902059,-0.016330851424541,0.00359017617697506,0.0237916147095368,-0.00591807325896826,-0.0406977573293186,-0.0391497316234886,-0.0334109518887353,-0.0389671459134347,-0.0603516779131352,0.068829779238253,0.0463506038117875,-0.00692084028003395,0.0637862798169299,0.0872258771414005,-0.0330365511984927,-0.0310806345722246
"R5526",0.159858474851485,-0.178802981536431,0.128914195593345,0.0921888887332921,-0.00997460901021082,-0.0334564572524957,1.69206584496371e-05,0.144668245066968,-0.171264696524255,0.0244735906297448,-0.0207910141011799,-0.0478034326841989,-0.0599598785265365,0.213354758844528,0.203204957369734,-0.156584387470449,-0.166685030375605,0.0559365302757583,0.0180253237632973,-0.0977689249637284,-0.0629489431887348,0.110890028403185,-0.00399422441381242,0.0143265055099726
"R5528",0.127284391387809,0.0167662375399991,-0.166525767975849,-0.0228177608651934,-0.0548448157393505,-0.022488597480029,0.0756186009580824,0.0219617340525046,-0.00160673680874986,0.0154266736961116,-0.0310937247374891,0.033297576271178,-0.0563867086050125,0.0491289448564485,0.061632676716117,-0.011655365522051,-0.128803623076849,0.0424805806472059,-0.134480079597466,0.0514200089446043,-0.0821937608918402,0.0369941575726616,0.0872608455587101,0.10915441293387
"R5529",-0.0191231339477116,-0.0630186276824923,-0.055643749245011,-0.0919464052530301,-0.00910600525382944,0.226396687651168,-0.0366280712038666,0.04383056640141,-0.0276341775846851,-0.153139914341172,-0.0633229037924095,-0.0270858289216287,0.0754939602890673,-0.129834008961968,-0.0169524339042824,0.0163338888830132,0.0547499421459696,0.00396107140723298,0.104460079835502,0.0264865675623391,-0.072373550970827,-0.0953190606849687,-0.0431024888330865,0.0174875884387153
"R5530",0.101060727967372,0.0217018910340488,-0.189937016624125,0.0451657807218926,-0.0588635406832185,-0.0340213725917392,0.0408915401107252,-0.05363081179513,-0.094899103474131,0.0304049547428867,-0.0114062307589492,-0.075389253846526,-0.0082546191773571,0.0016730933708891,0.0843184076218526,-0.00601700662316381,0.113021997017243,-0.0757479690503884,-0.168516311375162,0.14834184299149,-0.00540742186968019,0.0891498035088953,0.187916544399784,-0.0416365348526059
"R5531",-0.00083185018427396,-0.073319941193679,0.0664965220892244,0.00866580354757159,-0.0649345121433162,-0.0396107283131354,-0.0710014778303305,-0.136128046404933,-0.0330898078791354,0.021376751526274,0.0648958772570921,-0.0608629156994553,0.0188069107073721,0.0359862345671906,0.0122482754528543,-0.0453763029842153,0.0375592281938663,-0.159578247318051,0.168347394873543,-0.0876248549636871,0.114071632554809,0.0367617647187062,-0.0832907128314775,-0.0953776020328578
"R5533",0.024086158074045,0.031599568676522,0.0173133858575531,-0.0080087129298549,0.158687508107337,0.00924956503029423,-0.0443335820222939,0.0343826967683235,0.0204073601769045,-0.0204223095924757,0.0534385725261473,-0.0288402741342899,0.0357680056891787,-0.0740907041367301,0.0214349362374334,-0.0137683164790846,-0.0973267454219482,-0.0143427291634395,0.087089807600576,-0.037687152858126,0.00333346425743093,-0.0565742781249859,-0.0566121462302066,-0.0286017131319058
"R5536",-0.0737631214104185,0.0248569634305315,-0.107541358852161,0.237117339048542,-0.0408077423252965,0.0360591749075949,0.0603215598928961,-0.0198447325152744,0.0129147666900786,-0.0549792499624154,0.0148951637187021,0.075115176513793,0.0397097322174895,-0.0405630181283295,-0.0101813129105161,0.0586694656576004,-0.0177598490792133,0.0466549001518764,-0.015681611774216,0.048707509813746,0.0572025681014518,-0.0470882583407227,0.0310561010842082,0.0273313905468564
"R5542",-0.181678218135486,0.148617606260659,-0.0641676186130997,-0.086003867203463,0.0495390326972417,-0.0481331721387336,-0.0889840671951257,0.05920395063446,0.0574656447365717,-0.0331763124905895,-0.0308071682780644,0.0660861959407782,0.126142023685768,-0.0135502557724878,-0.0577215388491101,0.0973046691098449,-0.0145947759116441,-0.0137788242512068,0.118600521374113,-0.0339878287763669,0.0707411402032933,-0.0664027704808447,-0.140108922644593,-0.138128008702233
"R5546",-0.0314748487420256,0.112183877046544,-0.190814563696384,-0.0453486473356779,0.029364255710846,-0.0232191054102812,0.0421137261454223,0.281979276426123,-0.113973634529933,-0.0746250070769288,0.000454154047724167,-0.0629281429355223,-0.0120753307580902,-0.0789872563480231,-0.0879431348704588,-0.0321738654402539,0.0514191897731641,-0.0628784438555476,-0.17267118949804,0.0303849325882462,0.0206210728025967,0.00763332540716087,0.143584210863456,-0.188469676631335
"R5549",-0.253485072198011,-0.0256580085844582,-0.092700805926541,-0.164368553244858,-0.0300659349790264,-0.207741181901842,-0.0921253547359855,-0.0131000433438357,-0.182461781789155,0.294490370376498,0.0941935647561572,-0.0354541725767459,-0.0432360118085922,0.0430559354929145,-0.0897774235873561,-0.0587100941704904,0.0159492950376948,-0.158909770824209,-0.142425170645319,-0.187722690063441,-0.156953498363692,-0.146830662311085,-0.0942042832126616,-0.0280130739261606
"R5587",-0.00335411099018058,-0.135033653596269,0.0145976565455906,-0.0647439236371622,-0.0851760880129406,-0.0237018731333633,0.0155811375254391,0.0692637162188165,0.0512937633245216,0.0898080266996937,-0.141329825942712,0.0113623442254338,-0.0527984504183804,-0.128548324771066,-0.0234326648907882,-0.0213693185215337,0.0851492193554818,0.100789639428539,0.0558963452002385,-0.0320485985372278,-0.110896291837465,-0.102546512061751,0.00691081181223342,0.0302568222239559
"R5588",0.00909393580378563,-0.0392371556187694,0.0493161501120582,0.0689612415942379,0.0951727873882327,0.0159661449813851,-0.0898259025073241,0.0555134801711331,-0.00811193602314757,0.0218821627231038,-0.00738378256165101,-0.0721211496374941,-0.0647654764997283,-0.0217183697492126,0.0752124008916223,-0.136580729072528,-0.0891471280338098,0.0829176951508286,0.108102131854515,-0.101062244020234,-0.0154567188059236,-0.0169311596295422,-0.0679867578683644,0.105506381257538
"R5662",0.0313400932909709,-0.104754095899924,0.12896444863068,-0.0342427081808731,-0.0102685851609491,-0.117654647865786,-0.0845381987417011,-0.00965397152039218,-0.0101370816953074,0.0768403547703978,0.0738305056290598,-0.0739532089681745,-0.0521882221681848,0.00134060906582123,0.0371373346086326,-0.110747617356258,-0.0209771161408451,-0.0624525198101828,0.13521077674917,-0.0906946834897302,0.0436263586708339,-0.00755772072685884,-0.0950044035544877,-0.00172397487723034
"R5663",0.0895670784096276,-0.110637329189771,0.0843109312798989,-0.0324944925609159,0.128545665559947,0.100262620162972,-0.0168493319820837,-0.048836443466603,-0.029130512129034,-0.0626219635513881,0.0280496615441758,-0.0394985450946555,-0.0598556828314542,-0.096304413044607,-0.0134453994183223,-0.127517380396236,-0.0815465254878714,0.0188698784912288,0.0917748801017654,-0.0182157555533573,-0.0485246001574718,-0.0186285983037274,-0.00650411885242822,0.157060742481714
"R5665",0.11361780625909,-0.138345304357133,-0.0629025016014842,0.1596248622478,-0.0364155776721621,-0.0401720924127266,0.113021093467491,0.0835204634411096,0.000864816971772158,0.0845884054871703,-0.0688257847245071,0.0245223568388298,-0.046268198676277,0.107004495011304,0.157583127482384,-0.0110050836583815,0.0141222140300695,0.0535998894467188,-0.109539092751793,0.0926730153281135,0.0126926201303647,0.117203828639635,0.18422605633356,-0.0113865699543449
"R5666",-0.066359792119738,0.120819241256731,0.0535802426594262,0.123129567453158,0.109868858793929,-0.0250309416605594,-0.0999341711831146,0.00749430421915652,-0.00527210785785058,0.0924053189257955,-0.00123381670358226,-0.0104743398309469,-0.0603763712721577,0.0399114288942407,-0.0480864107566487,-0.091600211762097,-0.107792332279986,0.0651476383539282,0.0708739803709793,-0.0937174739457668,-0.0402279305339867,-0.0891054961017109,-0.140433993727631,0.164919423461667
"R5667",-0.0830612412828844,-0.000503866065683281,-0.0755673657724678,-0.00691292539957284,-0.103424818613019,-0.0693372061180014,0.0536255651944551,0.0237429606438101,-0.0295649692561026,0.0352797363984027,0.0257601459437673,0.0262074182577063,-0.0769507828248673,0.00395760704229359,0.0146888864610244,-5.10608022850343e-05,0.059482631600316,0.0315846344992244,-0.180344771357572,0.0011872598461698,-0.0213844054337119,-0.0257071052790817,0.106634798199942,0.0925390132546257
"R5731",0.0153647556153531,-0.0149474202662051,-0.0518489667940101,0.012182509524211,-0.0411881843075753,0.0476258102431752,-0.0158539385848476,-0.145050256003651,0.00971236840152745,-0.0383432322895419,-0.0722354177477959,-0.0969257005815017,0.0415653926930215,-0.0645260807596757,0.0773168026128156,0.015175301948904,0.240936822748374,-0.00984721673234359,0.0225199955740958,0.0964496717732547,-0.0769472488015039,-0.0589097444586596,0.0936539330878892,-0.0486679218876429
"R5733",-0.246934227564477,-0.0701286749008816,-0.0712047205609404,-0.169932301275541,-0.0143930411679278,-0.0106138445282163,-0.0585094386581427,-0.0857997338002125,-0.286045163117077,0.0713160554803581,0.172747183274684,0.0139397898216979,0.036309452881537,0.110513477954852,0.0905929408206102,-0.0581898774712712,0.0118338851647078,-0.246554434413596,-0.105590248858569,-0.223366738842281,-0.0650686538878154,-0.053492708235263,-0.116480359094882,-0.110319579296922
"R5764",0.0484199188192405,-0.0702460844716311,0.260805977855354,0.0578954067691473,-0.223192591719789,-0.00956596477614267,-0.289747046077703,0.168527776952852,-0.0514653770101514,0.0684998192255716,-0.0362865846070318,-0.182293566602263,0.00465164866700243,0.0605128643969026,0.00943201296968455,-0.174761854359799,-0.197519463529075,-0.0148907444592981,0.137316963033272,-0.174056672101592,0.0202675926080803,0.025106008912496,-0.221216270346893,0.115423169902414
"R5766",0.112304600381558,-0.0610418276583829,0.112195791296194,0.0297791185505899,-0.0725435487724802,0.028793475127426,-0.0273860549844884,0.0166031949099684,-0.125873994872184,0.0391180858659001,-0.0114971662583053,-0.0338242465610427,-0.0452375076438667,0.0341857577431338,0.0639773552580047,-0.0922635632353979,-0.0534881651494983,0.0499055248366337,0.0294150372489961,-0.0444836781486613,-0.100221284960736,0.0382561547494281,0.0107254354911116,0.143047048668751
"R5768",0.0342378139397486,0.0499203660500537,-0.0489974145894292,-0.107413781657848,0.0181932156538163,-0.0197885593953947,0.0498684260981651,0.109115996692921,-0.116109609615606,0.0433183391136986,0.0115636735098872,-0.0040210458580586,-0.116087346495122,0.0806765251881176,0.0721967215908439,-0.0749515215382564,-0.0478418085280742,-0.0594877018556701,-0.0328247322861959,-0.0868300444052705,-0.00223942207517611,0.0865531417368313,0.0834008061111695,-0.064359391707047
