"","MEblack","MEblue","MEbrown","MEcyan","MEdarkgreen","MEdarkgrey","MEdarkred","MEdarkturquoise","MEgreen","MEgreenyellow","MEgrey","MEgrey60","MElightcyan","MElightgreen","MElightyellow","MEmagenta","MEmidnightblue","MEpink","MEpurple","MEred","MEroyalblue","MEsalmon","MEtan","MEturquoise","MEyellow"
"R11141",0.0872079600028765,0.0517281242998858,-0.0837427075832057,-0.0743024546912904,0.0413049859500804,-0.0681691407427267,-0.0387160211916372,0.0539137627218166,-0.0143831171596788,-0.0162216241184968,0.0483950810087551,-0.020581477387955,-0.072622971256478,-0.0844206370101633,0.00970473884633087,0.0166093863150913,-0.075263546556447,-0.021322738276547,0.0431818252788748,0.111420534580329,-0.0990723730288358,0.0398424997561003,0.0113700255225705,-0.10494240305388,0.0171836280209315
"R11184",-0.0323507267290679,0.0899722194669313,-0.0447344740736749,-0.0459417102102401,0.0301968765669513,0.0981020585284163,-0.0833208596291783,0.0180543316154062,-0.0128711293146839,-0.0240260227811823,-0.0375374547191639,-0.119829893258243,0.0186729985706417,0.0475737355144846,-0.0248114063846705,0.00336720731382056,-0.0272011062360032,-0.0437448846386964,0.0289424339525249,0.00893584560583138,0.0678222504488505,-0.0552450507485183,-0.0150491516805609,-0.0213645722588146,-0.151767983828669
"R11189",0.0120044291646936,-0.104613305318841,0.105091816387221,-0.0196233778013496,-0.101337266070727,-0.0725503985366015,0.000242473130340477,0.128337750864902,0.115015118574531,-0.0841553781338934,0.0122605614305265,-0.0897529407190366,-0.0656979135233998,-0.0293568337346388,-0.0911656234998189,0.0755902174644159,-0.127014033716367,-0.0521275519463147,0.147987828610531,-0.0302968347299776,-0.0894591148675323,-0.0278483881541515,0.00114159280291833,0.0944450434836288,-0.0435766585673953
"R11190",0.142536433803763,-0.0402547171340007,-0.10072840792682,0.0683286862847802,0.0452392151383405,0.0271647078174975,0.0515645222514569,0.0086713914801077,0.0712378639930392,0.0632809626596711,-0.0401613534590205,0.0485422108002959,0.00837914562739276,0.0271475533781582,0.0739101945334468,-0.0539681694623617,0.0650843658623826,0.0245441427143358,0.0255808677343087,-0.0276487360729758,0.0164937292511395,0.000787645038509559,-0.0545196209874737,-0.0736454646099176,0.0243055912989092
"R11193",0.0852130553412949,-0.01774850321351,0.00222990956006563,-0.0744662425098086,0.100805297646446,-0.0106230183892222,0.0779076781469286,0.150075176521451,0.0522149426320473,-0.0280756281024761,0.013239037814321,0.0194646495521727,0.12336927740034,-0.0110241593140251,-0.0107518383859598,-0.0164277318280077,0.108026942753919,0.0394967997762507,-0.0335240952960536,0.0844939018659902,-0.0183905376664203,0.0270207296524628,-0.0126876995213779,0.0226387989067949,-0.0250825057338114
"R11195",-0.0694022041224517,0.02380021648521,0.0448328284538128,-0.00968143509537247,0.0837804260680733,0.0427744244589905,-0.0640688024800657,0.0733820616064061,0.0870976169247408,0.0866140228767464,-0.00606462960203044,-0.0315807617188371,-0.0426053817803301,-0.00949795938409065,-0.0425562906814165,-0.00502590508545143,0.0395121391220551,-0.016439769252035,0.014595559746739,0.000340448431051294,0.00263152834730486,-0.126348520240972,0.0149098178714315,0.112727274843494,-0.0929133684133312
"R11199",0.0197381782491263,0.123828512656089,-0.0264848283935524,0.0685577695814473,0.0436516429614114,0.118487349365998,0.185692684964857,0.034085552390461,-0.0811813764186313,0.187642775446484,0.186802288329982,0.188379047678594,0.120337710544856,0.0728450357674952,0.170691981335777,0.129549515348385,0.0719202086443286,0.084032355049694,-0.0291624665717744,-0.0987126162525787,0.114066340289935,-0.111918646470759,-0.0365813326095324,-0.0412200594144332,0.0611813961848495
"R11203",0.0631682292062786,-0.0499200752366676,0.0866060368282772,-0.0130750608148405,-0.0307066838766596,0.0804418262566463,0.0209352244159037,0.122809920468418,0.0796645933407774,-0.0568946242137911,0.0216981563155326,-0.116743433462536,-0.0245519740807634,-0.104970245730717,-0.0815245508044839,0.0715641974908229,-0.0492458174857996,-0.0567145603620117,0.168746100334554,-0.114047216311964,-0.127668803544599,-0.00390516217325668,-0.0895708441251247,0.0784006206964446,-0.117816636255801
"R11204",0.00821360351907986,0.0458470269159529,0.0148841265720317,0.10185290566372,-0.129997403879339,-0.0250614877054053,-0.0819315506932847,0.0160714290811102,0.109368211722269,-0.0884596435757537,-0.129342002365804,-0.0178809643799237,-0.0549515247306972,7.27533535686967e-05,-0.0859774508807602,-0.0201727734932443,-0.105142471070059,-0.0360895134973106,-0.133891756508566,0.0683792375118387,0.0318129709371856,0.0182607243377904,0.0413725330645098,0.0408621232449864,0.0579985753625807
"R11205",0.0326727371572866,-0.00959923463349667,-0.0292690950841147,0.0174344993291864,0.0106436534657817,0.0307882717033392,-0.118514005715768,0.0882951054465263,0.086644484661644,0.0728276716820602,-0.0726885384982567,0.059676866592977,0.0259568714781093,-0.0722409397454584,-0.095476520563618,-0.0726194817624994,0.00103779382506808,-0.0409750648365987,-0.0773138396729665,0.036837659866388,-0.0751199785760429,-0.024030211225703,-0.027173772586647,-0.0030156195882108,0.0976094310657968
"R11206",-0.0276468881990405,-0.0662697851450106,-0.034881669709229,-0.047243230188829,-0.0893496672619593,-0.0159248634100464,-0.139134414379086,-0.0430522625423655,-0.165356942760371,0.0105105373414172,0.0215679599163511,-0.0372398035722268,0.0161645024848982,0.0259853773494509,0.00224470775264726,0.00440923278812456,-0.0669464375270825,0.0770082615881913,-0.000600350958202113,0.000807122896797326,0.0749557145388991,-0.0694539252610296,-0.0552608562572268,-0.0159968746345036,-0.0201409030591164
"R11229",-0.0248114076847478,-0.0288941940759201,0.0360701652383466,0.198615093565624,0.0387827955409956,-0.0993638709289835,0.0160421675692542,0.0381562717563473,-0.0221582760385159,-0.0693060891351675,0.0557113506342395,0.141318566855296,0.20614847159482,-0.0147609381375166,0.078531840129974,-0.00156278008991417,0.097268998624722,0.161678740147655,-0.0735259521137182,0.00050498487304907,-0.0219529903415411,0.0841980678821375,-0.104348760936596,-0.0379988248653284,0.210659187547078
"R11230",0.167146503526598,0.054530193577094,-0.138806621949265,-0.00457447277473021,0.00724677969858608,0.195012084935901,0.140093902689545,0.0497481287139653,0.0495436654073558,0.0690929215306255,0.0122894427155157,0.0482119475793152,0.0443703427519676,0.103885818278663,0.171251710340624,-0.0853425300288691,0.0160542345856476,0.0794874876833299,0.0213673117260177,0.0320997054707964,0.175418622842013,-0.042524595770214,0.0573424876527253,-0.19571722631877,0.00851603291623071
"R11233",-0.12623465453621,-0.0348243364411898,0.00793449121587455,0.0373486931426898,0.045851146185049,-0.00220921217577999,0.00578298314339833,-0.133974972800028,0.216091773876896,5.74980170635729e-05,-0.207823314612064,0.00085708234395952,0.110852745679092,-0.0673947022925971,-0.127791808329015,-0.00374340433447726,0.11673935052283,0.0666964317545229,0.0217841801004422,0.0758216851777336,0.0679024520891774,-0.0446861104057757,-0.00871672252493251,0.058148644436636,-0.00677270947873302
"R11236",0.0523763831538538,0.101621850564821,-0.0854765061144096,0.0633042897796497,-0.00419635140653634,0.0297766019708157,0.0163064874476709,-0.0369524082250067,-0.132945071909374,-0.0465940987520867,0.0306073137222591,-0.0110384557649358,0.0769807999071117,0.0870984206217028,0.0784688470369518,-0.0922140666440022,-0.00504590247150633,0.190101556324906,0.144667177332055,0.120193799816869,0.0861371948842088,0.166216855974256,-0.0429945041865346,-0.135836292704207,-0.00502854033188019
"R11241",-0.0940927028275603,0.0140956962247371,-0.0559641637704592,-0.022058917764677,-0.0845087780562457,0.0442020537282045,0.0160775328416846,0.14703987707717,0.0815557612832373,0.0490276719468491,0.00077369148362374,-0.0142477104684545,0.00321147443991134,0.0353649159966998,-0.0450395320816103,0.0496612158250837,0.00693449029470745,-0.0409605257515333,0.125610102629405,-0.0616240654476696,-0.0274612901062679,-0.0631953617628373,0.083266665541702,-0.00613661627458355,0.0538576351715637
"R11242",-0.138312061757602,0.136530296092637,-0.0721003707284196,0.1213696111053,0.170726472027984,0.0609118465417133,0.156293231906778,-0.139152140323368,0.0172063790626741,0.0981790080676582,0.101686602292157,0.138202635618555,-0.00975764161526437,-0.0596027648870679,0.0472177863704971,0.0482550013623885,0.0643964971017212,0.0668226889871615,0.0616607559069819,0.0630244185933562,-0.21697438458908,0.142936808037198,0.115511157491338,-0.0193191589582424,0.0743860318964416
"R11261",-0.0607288301733704,0.0499263010204678,-0.0841477160991654,0.0906357187913291,-0.0127703060485302,-0.00186806597985805,0.00712995837486117,0.0620489194235434,0.0182831668852233,0.0810014658767732,-0.0293368693814806,0.0469956982655104,-0.0141899783275716,0.0411949608942123,-0.000953344459925617,-0.0937304625689913,0.0317379768896094,-0.110179688724903,-0.118255797502234,-0.00153299665092508,0.0550370864248549,-0.036725462417508,0.0078362297828953,-0.0732741552808212,0.0971355137143379
"R12177",0.0888797762866338,-0.102661411546651,-0.148858243209292,-0.117526457346668,-0.158229111938795,-0.0472954238989362,-0.042101365076566,-0.191393654743553,-0.0927257394085058,-0.0445621191786169,-0.0309692142853563,-0.10614402672954,0.105247678742127,0.025003936171272,0.0915145577062093,-0.000335894766117304,-0.170649637048282,0.200518192518901,0.00610745752451628,0.1545052409864,0.115835536378774,0.259285814075974,-0.0786337182395402,-0.0556670569010675,-0.0207029154058288
"R12180",-0.127769946429706,0.0253066418167769,0.0410555024599194,-0.162773819595746,0.167492249525627,0.0237694949411265,0.189799981040113,0.048032716433253,-0.00582293565922407,0.0649931875225687,0.188790939372373,0.0936843739488374,0.0718028835808897,0.244787487904676,0.0436726965461528,-0.0284388631915187,0.188265279563133,-0.100900846655187,-0.125005075631765,-0.220404643315857,-0.00195113623136863,-0.248134976863555,-0.0648096933156004,0.0594493421803795,-0.0905374282840365
"R12182",-0.0714272443772179,-0.0429725486269627,0.103473412862446,0.0588274430239191,0.0629656593208919,0.0465823090320462,-0.0510533602305389,-0.0109033967047554,0.00475646612893067,0.0189708502949327,0.0136386810036444,0.031970403539921,0.0230916065507034,0.0124354208538129,-0.028405230991696,-0.0832100362470653,0.0736932432037328,-0.107845900748054,-0.0485357752685763,-0.084564913543636,0.0151300290947936,-0.195005485913995,-0.0407043591261268,0.0903712756708483,0.000803015769089583
"R12188",0.0140528337516768,-0.192591080057793,0.150730392570173,-0.0334239467008566,0.0591882492905956,-0.0904494058243404,-0.0124181510664989,0.0761135272429614,0.0131019601921772,0.0835269757805714,0.168613419812356,-0.10050901622803,0.0891785181685458,-0.0146226129452867,0.0832351549074919,-0.0782548128862467,0.0638123666782661,0.0878138729507323,0.0750568693148704,-0.0582403476565292,0.027388500959809,0.138431704380835,0.0602370714402649,0.163193277953717,-0.242568317000091
"R2216",-0.0873223031174346,0.123014843875807,-0.119782054416751,-0.050847105897119,0.0733996399212851,0.0935196307586134,-0.0624454360829332,-0.0191057268354829,-0.0384854806181533,0.0172610590120852,-0.0012673578777373,0.122653266212151,-0.0806650618635627,-0.0694522683032721,-0.0723872834281611,-0.0604362298202967,0.0475099908929448,0.0384456009677945,-0.0373228060409184,0.0543464975850278,-0.033672886146602,0.0761328269183214,-0.287536653899829,-0.112295056941809,0.107953075538676
"R2279",0.0314178288696288,0.13427735808732,-0.166126820450655,-0.22382431425324,0.148683363145983,0.120072044635121,-0.0643117776619698,0.0597497233075834,0.0213913756599585,-0.0164010334100143,0.00693458863847821,0.154843904143511,-0.0825644676070328,-0.0805136779980712,-0.141926772451817,-0.240220323679112,0.098082051077274,0.173639946886092,0.058785025676798,0.0756064844286198,-0.0637021453599756,0.0438806392118774,-0.178632327998917,-0.152080650797381,0.101006480765161
"R2442",-0.19145956811146,0.10407504343657,-0.0475568547655317,-0.0313616587792525,0.235834510679149,-0.193035543122932,0.0382879708789011,-0.204416950766658,-0.341414385628129,0.0549730985757632,0.166830941170549,0.0832981335079707,0.166251326539888,-0.00787096379115936,-0.0933428625622456,0.0207246023832675,0.120675652906926,6.29166206957267e-05,-6.66380443963974e-07,-0.201953899206445,-0.0770653395057874,0.0501372958256841,-0.143830539130571,0.046641140714173,-0.115045935636002
"R3758",-0.0405749601049771,0.106261024948598,0.0642438051171495,0.00342934896855971,-0.130139710137968,-0.14273033641516,-0.0607556842521107,-0.0962161573761322,0.0216520981837618,-0.0197609695879692,-0.0801563122830949,0.0550932806410806,-0.175267515486404,-0.0454219107538341,-0.0410373417025845,0.222420892832469,-0.198487315537716,-0.0170679225097441,-0.114539621082992,0.0896666928224741,-0.032105423373732,0.0836417690057537,0.0794404472641057,0.0850715583177697,0.194351220171446
"R3854",0.107826884910729,0.120487841084724,-0.0138551254846863,-0.0751942022883351,0.131216598482441,-0.0749013004638879,-0.00428182751283433,-0.0188652162868946,-0.116837945909169,0.00777012924917586,0.0341968298622454,0.0816818673891796,0.0452297361184935,0.00342711662828968,-0.00575178755326265,-0.115034239317735,0.0321581020914119,-0.104758164597718,-0.0780328226328968,0.0208548475899977,0.0380224278515722,0.3109363203906,-0.265225178514147,-0.0654333788629722,0.00210377993015877
"R4712",-0.0548685684846644,0.076080873086764,0.06206709636904,0.0871556093885902,-0.0425695562958737,0.12363172747591,0.0627356506334852,-0.176133259173805,-0.00239409772015802,-0.187581289202943,0.0199170702071055,-0.00408400720605067,-0.0835055628920034,0.229070531538385,0.0891826091063105,0.0810679851002365,-0.0357644561773321,0.0753793270287479,-0.0131873267502823,0.0891276442209496,0.204168795715227,-0.00789454644765969,-0.0345189650053795,0.0990574039652066,0.0649498948452426
"R4715",0.0514275354230263,0.0596907991044528,0.0439704804649856,-0.0468001340361815,0.0313837356139018,0.0895500278831501,-0.101524860035009,-0.0491694546109022,0.00238954286863247,-0.0263762924321153,-0.0482242204909343,-0.000110952762953994,0.0265830919811926,0.00144897186788131,-0.0401563391436409,-0.023864548097052,-0.0217332892794737,-0.00814571746769626,-0.023166678101223,0.0553391664719824,0.077334871377907,-0.00715870831371377,-0.0531583817633926,0.065259430327608,0.0111007397840742
"R4717",-0.0648148617509069,0.0532060455527519,0.104500772105482,0.0231091611679115,-0.0557188005068254,0.0649131966757248,0.17815404627849,-0.17089786257038,-0.0469803613840414,-0.0412776911905731,0.15474919889256,-0.0583387479362485,-0.0259916639958613,0.197719806302046,0.232729585857857,0.111480478843902,-0.0741502090876803,0.07885237274734,0.0424360844285844,-0.0048952520568076,0.119427691894845,-0.0834275076583031,0.0118548999391438,0.0514127863525382,-0.0377014316726037
"R4720",-0.00265290063078801,-0.226621018429847,0.25786218656686,0.0938297428099948,-0.212402354609924,-0.225103037116322,-0.0852882522426908,0.307804707999842,-0.0111049880152766,-0.273797153116003,-0.0488780100413017,-0.320309754737414,-0.182456024702344,-0.225624832552112,-0.085490421179327,-0.0111163486985525,-0.209690177752768,-0.0889173806525958,-0.0117261992967792,-0.0679706391408968,-0.114266081536028,0.0140996978217575,-0.165254342295123,-0.144743271298711,-0.164391040826087
"R4723",-0.000752882491803345,-0.052030802592427,0.00151866559427203,0.106232572939957,0.0630871223145769,-0.00617864166781003,0.108859534616502,-0.00221346070753443,-0.0648268584503452,0.0391235444930663,0.0695235191382962,0.137474841116971,0.0610542939111686,0.162267851484756,0.217381098157032,0.00600509623873751,0.0378989023959805,0.107284554108512,-0.0286381605415561,0.0584439986457546,0.188678499770727,0.118579990651218,0.0687496657469545,-0.0616671394354388,0.142686303759161
"R4724",-0.0937646599360239,0.0892402730552263,-0.0893163453636564,-0.0250381915588251,0.0167969249319317,-0.0528592494226312,-0.0663913963847975,0.016891610255364,0.0207967626326478,-0.00648190093802493,-0.0397240731233363,-0.0198991546868803,0.0406027848501521,0.0438791188676414,-0.0022499565726689,0.0915105842833149,-0.0125260843163532,0.0797117918439516,0.103915298805726,0.00737041848571436,0.0649821048479252,-0.0168959198982079,-0.00316984710165462,-0.0703529932977217,-0.0543428476506381
"R4727",-0.100302735741824,-0.0825969842501753,0.142960405853577,-0.161514104612885,-0.000272343906000187,0.0127273704451808,0.0213145085452053,0.0439362347119092,0.0204580613080792,-0.0552581537381677,0.119623882990035,-0.0403162077839535,-0.133600273811667,-0.0978223798999323,-0.0139847942896022,0.137975321753847,-0.0999503031220221,-0.0699540367217757,0.0444066140127624,-0.128883084135484,-0.134030623649738,-0.0185131875026307,-0.217531090173481,0.138371930954518,-0.140703843906707
"R4731",-0.0583729410102619,0.101919976418622,-0.126571071642428,0.0301404551574141,0.178511170845076,0.0387532646682537,0.132074428381235,-0.0381406523478664,-0.169938321285509,0.120440107616973,0.0813848363001011,0.112185076076737,0.0228590313614443,-0.012919743280965,-0.047920184273102,0.0577442226205725,0.108602971118084,-0.0241521613906184,-0.0637337825525001,-0.00349980040818279,-0.120252898853473,0.0732317522511288,-0.0582571705509509,-0.0837895096515093,0.0125328619628976
"R4732",-0.0298351930428733,-0.0880335631198498,-0.0712912190340949,0.0399909782810048,0.0127362869778842,-0.124593139512981,-0.0346113261650563,-0.152420081101984,0.0657939785904536,0.146406950308798,-0.204304429319008,0.0546371994154037,0.068880476841012,-0.109134349439289,-0.153163171690756,-0.148337123574398,-0.023003586189759,-0.0777990014015322,-0.0878486889085492,-0.081145200503144,-0.0365751486653774,0.140164321429877,0.000192028916669385,0.0200068999915658,0.0490889399342704
"R4742",-0.0341355052783342,-0.0693568049107023,0.0681220570124646,0.0599426362551278,-0.0726131176289715,-0.0207775753824078,-0.0802313993220473,0.0399790145403664,-0.0365135478280134,-0.0758370364552302,-0.00338424043104968,-0.0453102048233883,-0.0294876312091259,-0.1112766026687,-0.0743890298285976,0.0308495135856077,-0.0281912457941268,-0.109683072086907,0.047587523477021,0.0540317660741308,-0.201607100190744,-0.0682480660175332,-0.0995747106915064,-0.051349716744334,0.0262022640412447
"R4743",0.0165171974004639,-0.0758168046021312,0.0148227145537743,-0.00964512684195907,-0.00971808477834969,-0.138573020317605,0.0516398368680711,0.0106496182590775,0.0280727533811287,-0.0317492709704336,0.0986002453900053,-0.103073589819668,-0.0621191433205983,0.0451279509066925,-0.0138160132237888,0.0537310087710436,-0.173058227069398,-0.0801016446363033,-0.0401600805135629,-0.0398013809952087,0.00714942839370543,0.000723530832039045,0.00617421195085891,0.0764693835882314,-0.0763113776557338
"R4756",-0.0079600316004716,-0.0159830533352557,-0.124133142369355,0.0743480802784627,-0.0475811355511925,-0.012911453759947,-0.0735765627765176,0.0129421444311074,0.0649003400393224,-0.0554871235069314,-0.202230487269029,0.0329772845318259,-0.0318760663147697,-0.0583232134320658,-0.0163586045713997,0.00999936412385558,0.0978406489752296,-0.107555397806283,0.0036179845510263,-0.0962290851412495,0.101249908735928,-0.00753974449708751,0.0832123601400466,-0.0926036344717091,0.069256892572486
"R4758",0.219009588000935,0.0342418082997221,-0.0711098271679197,0.043531114385073,-0.0266105901892726,0.0711681302232929,0.0522370726390756,-0.0105246091151516,0.0113560496619552,0.0210323097287958,-0.0304836306403787,0.0501500284949579,0.100080334636971,0.0619200713166604,0.0710975861600559,0.0201670642036075,0.0539172519124194,0.0636741952623198,-0.0177085006625405,0.029819977499932,0.0678557929157152,0.0169059658502238,0.0117582571585245,-0.033566947208355,0.0744525978632484
"R4764",0.176930136292431,-0.205737026870388,0.0237495975067405,0.137322354299517,0.0247105597873084,-0.308631812303887,0.0846962460459348,-0.0136833534590512,0.0295635960960963,0.00620847740401412,0.0365116670862812,-0.0174568235376083,-0.0567965270158837,-0.0635383195402846,0.0733125281368904,0.137308851534526,-0.0999924981427527,0.136376476148462,0.000711636809572343,0.0857192118383446,-0.0764920067210962,0.0454159417901046,0.0827818613350904,-0.00352382511291252,-0.00775211418992458
"R4778",-0.172788874895452,0.000450795118188695,-0.0117346815508793,0.0453198373913731,0.0305461667010362,0.0591408316588238,-0.0883139554149246,-0.0470107037850811,-0.175736503363498,-0.0158279333597439,-0.00721057025150461,-0.0348929591030981,-0.0711049836225291,-0.0227816844859891,-0.157993478466722,0.0947136934028573,-0.0909894461205992,-0.112021157968372,-0.0226844154228866,-0.00956736015846335,-0.0370434221743152,0.0528356311022579,0.0389864517938801,-0.0655515564849764,-0.0416769503480017
"R4781",0.0637195836681609,0.0441405101469885,-0.0616013041624626,0.0745398679557698,0.0331359180586883,0.0119601770201218,-0.0236371044316797,-0.0134929626785011,-0.0564648493637133,0.0209557249324854,-0.0460888957467805,0.0780812138784757,0.0326656370862097,-0.0108529140249966,-0.0198660601223568,-0.100181518857718,0.131662936187137,-0.125925690281475,-0.172128619634035,-0.0403441168545657,-0.0223792300891626,0.12387353559821,-0.0295245472759776,-0.0896431670191176,0.13392480611058
"R4783",0.0988902725503298,-0.192328638170053,-0.0458618107075807,0.0108060773809677,-0.148169727151857,-0.168286386246706,0.0930271997158346,-0.0499416637058131,0.0118760326705525,-0.0576145901027884,0.00847241573432362,-0.111489226863792,-0.0334785544178952,-0.00136143040866735,0.146146586119153,-0.174194201290176,-0.0962087447986508,-0.146294811296889,0.0756416862164777,-0.179260428458771,0.0498285130424819,0.0137005909171376,0.0590725358951652,-0.13377373595127,-0.0577300597190031
"R4784",0.0204919570539054,-0.0608405562318183,-0.0364736771037274,-0.0387707983442226,-0.0111189740191983,0.101317361786049,0.117015266388182,0.13821355654231,0.203094249336272,0.0595454965648175,-0.00760573214059323,0.0160804016364897,0.0374474293532521,-0.00655811451329606,0.0517429111242576,0.0627819206834761,0.0736551518302283,0.109028577638164,0.0537576515289334,0.00315652688585408,0.0463738785610293,-0.0794467193647982,0.144532194919695,-0.0174686559969325,-0.00969107992384918
"R4785",-0.0329225761648045,0.0250909232785263,0.00315374885476108,-0.0579750085331824,0.138768100942553,0.0277538714027846,0.0471131721709817,0.00436923886412146,-0.0838624704810726,0.0154858491956368,-0.00359116938678814,0.0652186445745962,0.0529883426177984,0.00406014805968612,0.0597732259141296,-0.139176393673875,0.230159876542259,-0.0790834368859798,-0.108288099769384,-0.0535632711979342,0.0383707980236178,-0.0198533954162055,-0.0672492278967054,0.0399675913113062,-0.0695249299270252
"R4786",0.0179014226602782,-0.0174346422080701,-0.0152257271057243,-0.0485210472253752,0.00103628311845326,-0.101291427218914,-0.0116516085929495,0.0959869613932577,0.0825178320556871,-0.0172213390210011,0.00054103647877652,0.111015012062989,0.0358279043380013,0.0676970645457667,-0.0204387646914089,0.111333383341766,0.0625891208072247,-0.00203332191786186,-0.108300760454397,-0.00995295970478525,0.0822488718315665,-0.0473715932063844,-0.0687560889217729,-0.0886246443144304,0.0510973379492662
"R4787",-0.0102252776700153,-0.118369040057929,0.141258463228125,-0.097711702295123,-0.0551421467089137,-0.0513642933381293,-0.0393467121659359,0.0324768287346433,0.00325356197241875,-0.0369125243396554,0.0270570499539384,-0.101335596690022,-0.0351978367112378,0.0394586371037058,-0.0151727194877969,0.0990496498473771,-0.00609216883252531,-0.0896161833638988,-0.0174008983273781,-0.11191927149171,0.0234170059297807,-0.0412392934781778,0.0802331400893923,0.108209461569945,-0.11653640855572
"R4793",0.121881928571177,0.0292982484901418,0.0421412483645699,-0.0714065027347411,0.0538723788946613,0.0285864141068186,0.0884543947366244,0.0848760586980486,0.0448662604418622,0.0163912742658995,-0.00225435513363167,0.0395193660638865,0.0714224400479084,0.0616969455307083,0.125834579855522,0.123043630328445,0.121233830052657,0.055898243864762,0.00724540308496414,-0.0100661200018894,0.128244682542585,-0.0152741961121944,0.0452714341988033,0.120603931387612,-0.0110810249641843
"R4795",0.19239174735701,-0.109216422919921,-0.106528941477916,-0.137795220004675,-0.258689964895467,-0.0906024485243935,0.0659094540132814,0.000604918785135949,0.129975691272523,0.183292074282495,0.00692647810480188,-0.231891795542512,0.345852689154977,-0.0864866248176729,0.0321196653590058,-0.0527529607937477,-0.245397770939497,-0.0236673161939953,0.158526212613954,0.0120859933229116,0.0264978495154769,-0.0994875207687241,0.116433475472864,-0.0841297022678971,-0.160290351456878
"R4798",0.0572322790961801,0.0351373471246263,0.0567950556978606,-0.0399823474971846,0.00164507996103869,-0.00792461339342797,0.115604644326225,0.0420018454741252,0.129697881684631,-0.103259973357409,0.0721928194685662,-0.0724676907646994,0.103425202228991,-0.00197003646499065,0.0587587326062241,0.0901125961844463,0.0137295096024219,-0.0287115869326437,-0.0120767059151581,-0.100447704295135,-0.0443056122393373,-0.0809521772896976,0.0361513229780933,0.0102528493377438,-0.105231732733036
"R4799",0.0696143294684512,0.0158863319231473,-0.0614104506627575,-0.00818362675481976,-0.0549589043033582,-0.0247400076318285,0.0439951274942831,-0.0290815512617604,-0.100869997850626,0.132608483391811,0.0381873353520799,0.110841223941132,0.147915811932847,-0.0382758973775305,0.0658315999771753,0.0731666426790469,-0.0293079907108661,-0.0256858194204151,-0.148556878969462,0.135149601998688,-0.0714295565786025,0.00534605834622022,0.0588289867640628,-0.0615288834434028,0.125201567567406
"R4800",-0.0196549957049804,0.0386700339640313,-0.0217260585047318,-0.208672606670505,0.0407237126057948,-0.0506724451503499,-0.109934936731896,0.0524167277188258,0.0994146736486095,-0.108882138610077,-0.0507524936317733,-0.00634903839660304,-0.0867131076297208,-0.0870153179402779,-0.0725296017229536,-0.0170674304959812,0.0443359382778306,0.0589369192109193,-0.0268550510867319,-0.0332756187912776,-0.073251404202247,-0.0578351616125273,0.10969242107886,0.00849025584942168,-0.0503904364672221
"R4802",0.0318222144178879,-0.0881253236266131,0.0369086199962778,0.116105139816759,-0.0626462617871062,0.0561599409867091,0.0248811303068454,0.169767169922137,0.0699702271548596,-0.0797060392552817,-0.0178329748974701,-0.0359123150673042,-0.035606749274582,0.0676185447163139,0.0814181296384877,0.0453063081852423,-0.0417936483676945,0.113551193349078,-0.028747465425526,0.0928580514073754,0.0753144134840671,0.0529782309656532,-0.194726753142379,0.00499459097670778,-0.0135466255345159
"R4805",-0.0402650624802529,-0.0407437440629117,-0.0799600220648712,0.0218318089171954,-0.0120128243801393,-0.034474063340017,-0.177471486680079,0.131676773621955,0.136568571584033,-0.0263953394513987,-0.210668785375204,0.0318157107631471,0.00170707136263163,-0.104047414072048,-0.187388261582549,-0.0380277920038113,0.00822342364049454,-0.0237825239708901,0.0540798013295697,-0.0258103734059803,-0.0338889074179903,0.0225340109090068,-0.0883739587872852,-0.0940320756226977,0.023328367184637
"R4813",-0.0911673084405931,-0.135700761527977,-0.00457947068524025,-0.0896425092635183,0.0051629509494338,-0.0919254764814614,-0.0743860113324895,-0.0080952974884009,-0.0890742140138676,0.053317734318136,0.0178624369533076,-0.073490449202511,-0.0673705101605766,0.0147553901188785,-0.0514557322416007,-0.0325730443913389,-0.0797344025752353,-0.140741704056994,0.0734729719888029,-0.00981426971907584,-0.065137203114044,-0.0533430569411928,0.100551775000323,0.035311660476362,-0.0873957077693787
"R4817",0.131116396261606,0.0699299557409778,0.0708804679786462,0.142299970890412,0.0722202759633784,-0.0198161373179321,0.0856246657570015,0.00539421027380075,-0.065092402629193,-0.00781322186087842,0.0511785547237876,0.151869207565836,-0.0351156172540451,0.0117194048931252,0.0991346514309918,0.000578949097928586,-0.0102204681512575,0.175493142021023,-0.00568140270012361,0.13421864199642,0.0716748019202888,0.102283159256532,0.038488126067232,0.0545433993607337,0.138437988976991
"R4818",0.016799586522091,-0.00184270043249801,0.0944576960556319,-0.0186007787237794,-0.00838845233203109,0.0799701027825854,-0.0266630395769853,0.0170819184260728,-0.0751774568210717,-0.0409181025624429,-0.0364568911766538,0.0130865548692584,0.011557551926035,-0.0819162779398635,-0.0388048490017444,0.0469049466474154,0.000214505634568421,0.181451324951817,-0.00438073376599404,0.147170419917613,-0.028932014251429,0.0413921452089475,0.0157904413566443,0.128014502860971,0.0243482041007463
"R4819",-0.11282040446503,0.0126975413730841,0.0389381463673154,-0.0216444840407537,0.15696135604099,-0.0689248092162144,0.00808304957152613,-0.0113336693877646,-0.0105769121810569,0.11213314705989,0.0416224915610928,0.055056859847963,0.0346268327598471,0.12290963003998,-0.056276763432868,-0.0643027024909615,0.07216619240303,0.0342394722280217,-0.0330457699506965,-0.00209477756682377,0.0216460500514299,-0.0391024721036965,0.0731266558062902,0.0275454123643018,0.0151419577649724
"R4820",-0.0707654552567262,0.0270524710219186,-0.107798378918079,-0.162407873433411,-0.169451318663251,-0.0335994107532962,-0.109589550760137,0.239571946614128,0.11445126060951,0.0897892817791356,-0.0998988062032995,-0.132715055676123,-0.0815035279572988,-0.190271901958553,-0.173028555150082,0.00708934227881462,-0.100749297730551,0.059152312603394,0.0806141728533181,0.028254456386731,-0.107566736598564,-0.151437106407582,0.078672150967567,-0.0220859686905662,-0.0550729596982163
"R4821",-0.0388323659204134,-0.0890186345858997,0.00698323250309127,-0.0792766904625856,-0.0061758506830779,-0.105682179248561,-0.00237736527003696,-0.0321360713367433,0.0849156987270461,-0.0377767911073852,0.0704280199746121,0.000173021462723053,-0.027480919414578,-0.0439495409931966,0.0587161311117597,0.0980700010556734,-0.0255764481837236,-0.0659204918851374,0.160801892326591,-0.0166784442379531,-0.142540361710024,-0.137075283331779,0.0329718364799362,-0.0767988217665483,-0.0328546046027329
"R4822",0.0481939337244419,-0.0151285303628985,0.0457046831237689,0.0780622954758173,-0.11064872381975,0.0117522408087134,0.00357233996626804,-0.05887992011544,0.0370263337405988,-0.172786586077063,0.0101738737714549,-0.0400894436202975,-0.0611427248438403,0.00793721024147831,0.11040325269173,0.0725719854190539,-0.0570613998565153,0.114114139130837,0.0636378687188939,0.0688407390416999,0.0822937166357504,0.0726938068393249,-0.0489353191191127,0.0326965816412442,0.0310452350018128
"R4824",-0.0697196136774367,-0.106872719850098,-0.0701229590191612,0.0289672472524205,0.0528201188417365,-0.0418162449057629,0.0514138333029686,0.00485653571104029,0.0489563519849589,0.0450462500527025,-0.128387046749553,0.019928976757799,0.0252129113374169,-0.120668692661561,-0.0838846153250106,0.131775952619821,0.0563213559387938,-0.0798241112237894,-0.00394067167057442,-0.0847453450552869,-0.0718032705281486,-0.0413627001592914,0.122030274477301,-0.0700855681414181,0.0253465024189451
"R4825",-0.0190983568547871,0.0039557828791469,-0.166639769528271,0.130324344903331,-0.00304119840269085,0.0178176373001574,-0.0316272685406962,0.0125221394191171,0.0337749711089523,-0.0801245528974278,-0.0198262737157071,0.00231002216204505,-0.00788112014389578,-0.0128134855431644,0.0369951948105284,-0.0599779589178072,0.0765024408108866,-0.0398079118207946,-0.021463375808515,-0.00982180796992119,0.0273328019630371,0.0341028391329307,-0.0570718801886603,-0.13829923312289,0.0320723712816447
"R4826",0.279737055018106,0.0361699859589988,-0.0828511194262009,0.0474837542676378,0.0431325616933088,-0.0314551331723114,0.0216949632915081,-0.0166471504222694,-0.0529356050757733,0.0595205408014019,0.00336043174888609,0.050691084841455,-0.0131071283420951,-0.000446390524028593,0.0750544213686526,-0.0656132275620999,0.0527113259217814,-0.0526811173374489,-0.0431022213002995,0.036858826024224,0.0760475807293126,0.0743637161312233,0.135526945381025,-0.100133198405161,0.0309081577265251
"R4827",0.0912173130405866,0.110679093820697,0.0808606354071559,0.0112465073449107,-0.0247958687930577,0.0542385331784098,-0.0204760118037676,-0.0931391158030911,0.0952866832704919,-0.00888232904407648,0.0107512498220272,0.0349894476721896,0.0829292010588444,-0.00306694906763377,-0.0124578148868482,-0.0626682578021602,0.0681308340080812,0.0148085778314587,-0.0755216867780461,-0.111601747659074,0.0287534127129055,0.0221421075069202,-0.168701779784203,0.0896865967149204,0.064295270361306
"R4842",-0.0471408634447861,-0.0403475192977826,-0.0519063434210603,-0.254008290650369,0.0751366979800778,0.0967452372091995,0.0891943904916749,-0.0338110834783917,-0.0345712477687395,0.00342562451399731,0.158936706017765,-0.0616612675002039,0.0566613463221652,0.0198237094141147,0.0187466839993547,0.0302127541090527,0.0209093306479064,-0.068561294315553,0.0229594832660572,-0.121765183418455,-0.0752128647362627,0.0485505323534305,0.0566597410003413,0.0204768582986394,-0.188033920423584
"R4855",-0.0652393297602831,-0.0618892329090461,-0.0487383858909905,0.0932740034240202,-0.158710818851275,0.0235253170153844,0.0918416309972931,-0.167763903447172,-0.0220226342766388,0.156079814815216,-0.0146523437217486,0.00243274525899814,-0.0276898767407739,0.0293165717408662,0.0315876963422814,0.073424845872053,-0.131958672172365,-0.0825084598942257,0.170971187926927,0.13615976854814,-0.0349585274932489,-0.0646110002669682,0.0587507645881923,-0.0144452393676611,0.11308391513876
"R4866",-0.124983572034738,-0.100316429171944,-0.0314326239751232,0.0530037641922864,0.0114853079013103,0.0584340296325505,-0.0322805122331073,0.0776517144880372,0.0849959645366985,0.0561712040589284,-0.0341000450161721,0.0253227718831282,-0.00881456619820206,-0.0116537060834267,-0.082884326340597,0.0863669888120583,0.000707829494682542,-0.00753135464756507,0.122940112017304,-0.0348146163903605,-0.092487564044911,-0.0183670245595048,0.10341781492535,-0.018943882135901,0.0547399262196201
"R4867",-0.118248566187382,-0.0352178176173261,-0.0813818894852002,0.0080845849776134,0.196025390802002,-0.11336497971321,0.0382682368543051,-0.053136002989766,-0.102948073944476,0.183546433906439,0.120087554835341,0.0685169837891692,-0.000728388415882549,0.00112224580011103,0.0400682658436446,-0.135713040715024,-0.0737035191602766,-0.0788912829754305,-0.0296779624474234,-0.0634885178316142,0.0864705859042784,0.189427758212167,0.106331806268447,-0.0220428769288666,0.0428061806109879
"R4873",-0.0296048309613251,-0.0312786374724554,-0.083801088254628,0.089811053486927,-0.0886996583545698,0.10395755318421,-0.1057472227305,-0.0348520815954972,0.0239477933077424,-0.0856861214393457,-0.0724850121250511,-0.0731579912465374,0.114020004785998,-0.0242737929618363,0.00408733119259012,0.00943512749563972,-0.0514879512809746,0.0475346273458669,0.0825710135234498,0.00701508009431204,0.0297738121999641,0.0477021805308707,-0.0800267255266854,-0.09530571236747,0.0122103971668508
"R4878",0.102260644029698,-0.0182588690671799,-0.0336283788255787,0.0103871557674607,-0.141445129496241,0.0500035602941401,0.0030455198978418,0.0631667974617683,-0.0413187184030018,-0.0218947193353665,-0.00834354192271814,-0.00881300644570675,-0.0244011932017765,-0.0661127127214604,-0.0107651788336811,0.156044904213207,-0.0683672977106739,-0.0738171942247592,0.0689419851370141,0.134263627491903,-0.0316551021625264,0.0257926668219725,0.0199552175165154,-0.0769729965903444,0.07931455582982
"R4886",0.0471613730516976,0.210173132284943,-0.159931744520962,0.0716599161046113,0.0989600416885552,0.338269682804457,0.063404909852504,-0.0680899915692746,0.0107682664729036,0.0933554287714534,0.028270126157893,0.17766197000767,0.000342044107637262,0.0397998850268827,0.170508954679416,-0.118683397731359,0.124066312848806,0.291622900845659,-0.0719204803922537,0.0250094491112231,0.0550349697744266,0.0698514754857226,0.029305160994468,-0.0805600189388034,0.138359508942855
"R4934",0.0225708284968757,0.0152002132972057,0.0333493276187615,0.13391374262359,-0.117533230804284,0.00610615634283892,0.0253101750182609,0.0962629054021421,0.126282424439256,-0.285915740707912,-0.0815881288801944,-0.145441814386658,-0.133419764179335,0.0649455176943386,0.0141633266098928,0.209799534219449,-0.136051857739432,-0.0259903369207773,0.135178621655407,-0.0941585646909032,0.0137712190280389,0.00456873184307811,-0.161590351586828,-0.151466173819852,-0.0551597115342202
"R4973",-0.0187623518626666,-0.00315529567255787,-0.00723080094714849,-0.132126492925591,0.0559984364699373,-0.131602436686192,-0.114590681834664,0.048130327913514,-0.0640377110325014,-0.0174886454521317,-0.0214485968457601,-0.0179816292759966,0.0412360258500629,-0.0608777743538232,-0.100332115367571,-0.00643933441585093,0.0318131189561831,-0.144779304569329,0.0543024339507194,-0.20503081789394,-0.0863766690769037,0.09294949630683,-0.0858298740330709,-0.0652044775419983,-0.0686273012932441
"R4976",-0.0579813982233875,0.0228774045077701,-0.055452373632443,-0.0146188951592547,0.0546220587220459,-0.028868554509831,-0.0675073313969793,0.090446893625815,-0.0386511350428016,0.0616514740484853,-0.0712162192723267,0.120658406349327,0.0407476806673896,0.056048688346996,-0.0671148671403513,-0.107169320075727,0.155994550113772,-0.069766737606913,-0.0853928390525462,-0.0860605198743017,0.11077587366447,0.0282874059251967,0.0705375577171786,-0.054713090980882,0.121000478561141
"R4978",0.0363119460011641,0.00672725195379028,0.00953457822190646,0.0257248212811023,0.0632554596047162,-0.0229231241490955,0.0574812337229328,0.00761507636191215,-0.0286052857333402,0.0566151625095916,0.0201630253250608,0.0514445403991951,0.0662618849550365,-0.0326058364253675,0.00889507358418537,-0.154446353960741,0.0538027081169911,-0.0552734373097407,-0.0606095636362703,-0.115759942944594,-0.0182463456738472,0.0444309068511347,0.0075937930199781,0.0423813750181563,0.0544609149796013
"R4981",0.0991607500039692,0.0155704198494839,0.151572738996645,-0.0054348953647796,-0.102930391837638,0.0170949545554926,-0.0999517751441703,0.0634329803712941,0.0592266343078266,-0.174978515992782,-0.00693342587941492,-0.167401497836618,-0.115452260521439,-0.0692020124348796,0.033342701112392,-0.0162717406180429,-0.105941043568167,-0.0881180871912018,0.132958406191911,-0.062525991170384,0.0408284097917519,-0.0171541214900462,0.00486393859396982,0.10910632798056,-0.144466630595844
"R4985",0.0321270415116242,-0.168290290910324,0.221683245104704,-0.0084606303477738,-0.11096835325609,-0.0933762545889893,-0.00839257851110185,0.0394632571124352,0.0485131187104276,-0.0160441982255058,0.0462289556744013,-0.0232043571473728,-0.114106678468004,-0.0872438053739638,-0.0676905823744572,0.128118502275281,-0.0886757820698718,0.0345863509254131,0.067651044952326,-0.0409424792790231,-0.132276240268139,-0.072306038460839,0.0948913267366205,0.154181099979008,-0.0281228626376326
"R5001",-0.0351378236253912,0.0667180780869464,-0.0208087387267656,-0.0189628298732186,0.0932578561096027,0.012517976728648,0.0476949072548342,-0.0522181514285639,0.066218354840123,0.0324412973944389,-0.0216146939145175,0.100861749757449,0.0820402862687283,0.0433458676148581,0.00361464217487561,-0.111264058655267,0.221797480316537,0.0126822780896865,-0.0199343498199911,-0.0782766496048515,-0.0164156154092977,-0.0705419482090894,0.0204346482011848,0.0305249211066545,0.00581748078276587
"R5002",0.0445571318123496,-0.0267049856803733,0.0557165819183106,0.0551178415268099,0.0477099221763913,-0.0801074050063743,-0.0752958060379741,-0.0312293656368131,-0.0483320739039453,0.00217565545135131,-0.059137206488905,0.0280343963972874,0.143567160940776,0.0440428564008292,-0.00904144891720483,-0.139708079369533,0.128175897845253,-0.0645214890617006,-0.0367503416010517,0.0118907378956732,0.0930597667522002,0.071704235157675,-0.103939301658219,0.00260475597159539,0.0492613306523082
"R5019",-0.0940440384491558,-0.0637133808121172,-0.0848823840081997,-0.0831976244172161,-0.124366603148172,-0.0346679773696412,0.00662427302924821,-0.0555053669673312,0.0392374241903249,0.0120847106896332,-0.0581931990896646,-0.0925295736487727,0.0250106822205301,0.0603330800581403,0.139016953531679,-0.0731776888449692,-0.105611608830537,-0.000630180700759327,-0.118246991967622,0.200690528506835,0.0658596822803604,-0.16692160323947,-0.0143584275594152,-0.112979335395045,-0.086864169096123
"R5023",-0.132310629370902,0.135075202701948,-0.128621341780873,-0.211313360076934,-0.159353719115578,0.197052308184721,-0.074693369866304,-0.0613499412548106,0.027243069283449,0.0584447062901123,-0.0589652944388941,-0.131284646432075,-0.00957657713153247,0.039007523480716,-0.0716459942772699,-0.170002684334134,-0.166779162809123,-0.0433831263650915,-0.00689753826936065,-0.164638066932054,0.00206712252061793,-0.0711130009162536,0.0232061457383818,-0.0217085825260559,-0.145073112055097
"R5024",-0.0076230690424012,-0.0160655367106873,0.0206845462305062,0.0430723920526841,-0.0422899531132685,-0.0134919307708246,-0.0333818725821786,-0.0771070779571278,-0.261965182771202,0.05993467200836,-0.00237456817226658,0.109742544785095,-0.0203646059214521,0.0536433460894975,0.078813627304447,0.0685813232613256,-0.0133482534922018,-0.0987037251236352,-0.16801336062192,0.0821402878529608,0.113506853966619,0.050966399744689,-0.014570022936541,-0.0628791258131037,0.107927342872215
"R5033",-0.0113101619215508,0.00465182829310545,0.15177853156912,0.00747412134841113,0.0355836526573818,-0.00935510051029917,0.124252352733627,0.0135795935168695,0.00830302138007314,0.10179550632401,0.0264162473273489,0.087578344395017,-0.0672658802487278,-0.0877696076050793,-0.10782086975346,0.0201006829399735,-0.0346720572873597,-0.0948813439967537,-0.176901398734044,0.0494548104751555,-0.184035578148604,-0.00567451829977282,0.112016339244749,0.155533415329501,0.147772354837163
"R5034",0.0218963223386005,-0.0198949424418201,0.0138874976741157,0.0439245843080506,0.0947087872399211,0.0825928610404287,0.0144461037815041,0.0133301841786382,-0.0147165110663823,-0.0109573857156809,0.0207622470157317,0.0113130608699506,-0.0550614143507011,-0.0823417231349244,0.0249384822964153,0.0189335160721563,0.108440816529529,0.00691512950795321,-0.0666114954128637,-0.0520405032304669,-0.0749606420622496,0.0467152245549198,0.0227319167840052,0.037211947237683,-0.0651377986320972
"R5038",0.300638804883112,0.0759547643387176,-0.0644546219538414,-0.0980130366545408,0.117581269496759,0.027191082565214,0.236960757052787,-0.117946827002426,0.0305695238351745,0.18882763423704,0.416621985140715,0.051159593165108,0.277194500384088,0.020716866798111,0.12860065091151,-0.0635555662315806,0.087772359579461,0.0352247453504888,0.069187053097235,-0.107794270097055,-0.0191990540700181,0.107157610116699,0.0244130978330127,0.0840685461545985,-0.0830060266501277
"R5046",-0.0408269063569728,0.0279054414450539,-0.148192754007037,0.0307484235147155,-0.0541433918500935,0.0429559899774807,-0.19901013738833,0.0163261886572811,0.0426971981295269,-0.0675349161950387,-0.126651003273982,0.0117783866161682,-0.089660799168167,-0.0172629845004068,-0.0416059740154106,-0.146754140889097,-0.0224785658969745,-0.0664229050819773,0.0713328962666775,0.134057567428009,0.0595523084527633,0.0986132040417584,0.0128249755433525,-0.110632086374233,0.0906016794677482
"R5048",-0.0318120770062315,0.0325620742956943,0.0554458077360506,0.0168122207631504,0.0832684712327616,-0.000292898502703424,0.092245302567855,-0.014543937463265,-0.0974356179592898,0.0854856573408042,0.0615116321844459,0.0881362223256414,0.00555102149980896,0.195815769669296,0.175134753508379,-0.0672242068600987,0.0822481767780266,0.0258216962379045,-0.0351981306792738,0.0164049021973184,0.216772849182868,0.0182758583887854,0.0375276654081636,0.115631865772656,0.0573943702102461
"R5059",-0.131243180780243,0.00103045460944744,0.157551841603248,-0.0712796230131532,-0.0701203695713269,0.0149930036008843,-0.153210766910601,-0.0107622055594633,-0.0566412337418357,-0.126572913290079,-0.0633156772738347,-0.132470751537344,-0.107460979491211,-0.00108719126750672,-0.0969733996318581,0.0869288104927487,-0.0827008552721609,-0.0746854996285385,0.00891367912075449,-0.0656547822671469,-0.00664152457998521,-0.0118242890683278,-0.0627284481784885,0.0854451767223102,-0.118344339616497
"R5063",-0.173648303474804,0.0519607424724786,-0.0860489057455576,-0.0198018094994692,0.136412367693833,0.0285208634768704,-0.111566516426064,-0.128127016836194,-0.0617839868790883,0.073561643589076,-0.0988281044154179,0.0818466804941101,-0.0481333294289307,-0.075727562155376,-0.106706141284863,-0.0768205595555198,0.0806701184387777,-0.0248726326722657,0.0202747997398606,-0.0464188071396293,-0.0214363026962297,-0.0481491999401488,0.086700166829924,0.0235475883369092,0.0415059853029797
"R5068",0.0787264047223158,0.153251240853778,0.0786171612498076,-0.00908998198232032,0.00470980252342657,0.0382682024787668,0.0999864247418876,0.0287163368548061,0.0261032158675734,-0.117384314186588,0.0509732857591631,0.0205266498828075,0.00701806553176786,0.0293238303035545,0.067124807329495,0.0196542068624193,0.00743666121241614,0.153090224545013,-0.0689302204372806,0.0727038435052041,-0.0141813984423372,0.0690534080630837,-0.0351777073879464,0.107344296176772,0.0273932461662816
"R5397",-0.0374883178156296,-0.0611452482719523,-0.00200765613842152,0.151518458611054,-0.0794496636423661,-0.0537942620132384,-0.00534914657533282,0.00842638045762395,0.00952804632771222,-0.0936624621715939,-0.0366582261428314,-0.105345788242234,-0.0240801624687713,0.0716458205735945,0.0457961776766086,-0.0202037507214466,-0.0792246593352255,-0.0686523979649305,0.0753278743105973,-0.111893711110311,0.0489549031585973,0.0680330362303009,0.0443737423542921,0.0251425373789642,-0.00897319789993647
"R5398",-0.0459294950461508,0.0193687108099455,-0.0552093421432935,-0.0831240225243148,0.0624548146419094,-0.00215273768429523,-0.137904355988334,0.0454077692305155,0.00261962360945539,0.0476512104938138,-0.0231821626505077,0.0349186315022341,0.0167553919284687,-0.0933571875752641,-0.115342275639417,-0.0286447522002119,0.0877790411140888,-0.0824285023459071,0.0937123938825832,-0.0231537578382551,-0.089985518451332,0.0403246828488733,0.0881413860438052,-0.080260318092447,0.00733691318654139
"R5410",0.0112367987076584,0.0369912203281378,0.0182747345824164,-0.0377630595368784,0.0198193660482343,0.103492340102259,-0.0555181632053532,-0.107495904602763,-0.108824186593749,0.0274054839674413,0.00612073539424371,-0.00286901741308705,-0.0416481191853446,0.0687449698143585,-0.0725979988301343,-0.0606557263394207,-0.11753627749553,0.0401558972916519,-0.00727146146058522,0.136542173736958,0.0731339841174267,0.0148884521595492,-0.0713772705553378,-0.0272735137524138,-0.0537893634841234
"R5424",0.0442591735841414,-0.0247844168057432,-0.0293068154056247,0.0261404572741389,0.0468924967512479,-0.0327316431115077,0.0101530787493936,-0.0309581241781344,-0.0534893680053473,0.00518849830660203,-0.0163622509838234,0.0040148134617956,0.0146996352533534,-0.00627749050225708,0.0201427816481476,0.0415898589787676,0.0413720873869825,0.0321002074209765,0.136278219020554,-0.0286468579745191,-0.0692084476912311,-0.0399675317439907,-0.0394389688182447,-0.0415505583330835,-0.0160984938163064
"R5432",0.0266288057566898,-0.10764388631359,0.214623684604636,-0.141203476456478,-0.160044473953546,-0.109043333845915,-0.121997753763234,0.00705148459219581,0.0456358995521317,-0.054344742420745,0.0583932056702755,-0.114143291858881,-0.0345208451592752,0.00449638513406905,-0.0702386047527336,0.0857919617276237,-0.10155841220075,0.037367594218798,0.035083791843685,-0.0441836279935221,-0.0668049461260992,-0.19163285990499,0.0147505893964293,0.213477195561837,-0.130946133780489
"R5433",-0.0615276910931335,0.116436387030771,-0.0457824663582028,0.19315344843472,0.159924472068929,0.0913857402846331,0.208814103499357,-0.0561535659088808,-0.0221719358518204,0.106513942552599,0.141621393504089,0.175334748341912,0.0252940327857025,-0.0352758306788734,0.0592171281322656,0.030524931728913,0.00774764110612807,0.0857240504949656,-0.118256032213885,-0.00478102900055791,-0.115374369739976,0.090361690970674,-0.0915396369196178,-0.0226191247505471,0.192064182246418
"R5437",0.131036078180656,-0.116341615441161,-0.0169123311232892,0.0505402720197862,-0.0187893467315094,-0.121217338632181,0.119183222282507,-0.00480555561762868,0.0787276136143096,0.0640283907313707,-0.0172252379142369,0.0341428819313782,0.165986477053477,0.0822213863681196,0.125876448787929,-0.122185896968749,0.0571442599191499,0.0801481702113603,0.100773046383806,0.0281144321524413,0.106299777977193,-0.00437976910849677,0.0725291909310997,-0.00888257406882957,0.0619224076776207
"R5456",0.0440782536811405,0.190697898277152,-0.0264426971488567,-0.11108940497261,0.00404495822132959,0.117511099000878,0.146766968211958,-0.095743315724067,-0.0869448202366916,-0.0159683169759155,0.134949014927405,-0.0306951044880213,0.268016087681534,0.188408402780796,0.123750376842709,-0.0772406878412932,0.0669274566447342,0.120398742332871,0.026122366316999,0.0368965182857598,0.139250560498766,-0.0327854292206136,-0.0877787246943663,0.0347499967235706,-0.0507614063594284
"R5461",0.0902804616190758,-0.121007966919919,0.027320346326006,0.0213604774216217,0.00379838900205633,-0.00394561389257934,0.0667444974984627,0.0686358964440293,-0.109908859423359,0.0853940490654741,-0.00444291281354789,-0.208437602388374,-0.175791949422916,0.195666369593148,0.0709000280798488,-0.0800884878492686,-0.0740111681730061,-0.0569406533938182,-0.0727273533484703,-0.0118138067029101,0.0876392980019311,-0.00437277198195205,0.0702999300738748,-0.00202152715187356,-0.0798598360915687
"R5463",0.0225910937643395,0.112673841304192,0.00343619965844103,-0.0478839946462778,0.0322910262916295,0.0231213896943385,-0.0649290860366474,0.139716674179749,0.0451005003939015,-0.0580111138946115,-0.0359677363980883,-0.00176045710582294,-0.0405896260279474,-0.0330298731580202,0.00346292655831855,-0.0391652784340374,0.084409245465035,-0.0358417801642374,0.049795057667105,0.0263036707517698,0.049782074724933,-0.0638942109219882,-0.0300502558711423,-0.0380072997722838,-0.0228951896930223
"R5466",-0.0882010588001207,0.119839625678576,-0.0134130482023743,0.0319049632084168,-0.0130419561063679,-0.0271219588700032,-0.0502595630985756,-0.120349296014124,0.0724754195818369,-0.130894730958256,-0.157911313056983,0.0708854083385756,-0.0454160322735519,-0.163896558460867,-0.0855940895430897,0.0897889928197947,0.115677272892853,-0.0883103292244155,-0.0901819997332544,-0.0869593029060848,-0.0199380709780929,-0.029930916995886,-0.113457119274229,-0.0710033070482536,0.107903949314258
"R5469",-0.0104990638945943,-0.0332889434164593,0.0203487621751683,0.168413765162716,-0.0924404233985272,0.00476253471529645,-0.0965458635695813,-0.03535753831526,0.108026845841604,-0.101810644569564,-0.0479211688250224,-0.0425782369257921,0.0233891633487094,-0.0710000955047723,0.0252645624455429,0.0503766031649608,-0.0227917624872355,0.136521602771084,0.0479718375724507,0.120647221412526,-0.0220639771682551,0.137709037423383,-0.0169921918943149,-0.0407523493995956,0.036864652303097
"R5485",-0.032028973983526,-0.0066079988560855,-0.0674289495302048,0.04590921357029,0.0423541965837786,0.10374094428582,0.0595626898952086,-0.0511133601285759,-0.0812436419824263,0.148606611143897,-0.0386018553786707,0.103819639093211,0.03170872704938,-0.0720018984939817,-0.0661397069496271,-0.078216944313926,0.0481675849602806,0.0595860075801527,-0.140605422234608,0.0446812370332505,-0.0697878360926028,0.00814846129233811,-0.135742091937854,-0.0820998015427305,0.0250312685891584
"R5495",0.104138015196748,-0.103908758574725,-0.0659386027164762,0.0227558025915847,-0.0234491078248853,-0.0491850505530051,-0.0532230002845647,-0.0379363392796095,-0.0687875510908498,0.00238161589317426,-0.0895827995156663,0.0523325087999078,0.0263237431116443,-0.0670348018295142,-0.0553237500068958,-0.120767661543084,0.129882536062111,-0.0017528895396863,0.0375469794023042,0.0776215725478986,-0.0410618552076877,0.0354072936167749,0.0723130001394293,-0.0723102353362561,0.0698891641909893
"R5497",-0.129973808817274,0.0865494653653198,0.0274869056737654,0.0600536290756291,0.0318806597778007,0.0869838245166804,-0.158637091773585,-0.054661461934013,-0.0133264011581984,0.0137048200073486,-0.093695467791077,0.077560051504846,-0.0779205696844815,-0.00866639209764948,-0.120424630762415,-0.00306942256610165,0.0672597368053916,-0.102394824394179,-0.0666388817530926,-0.159984054522087,-0.0510007568807189,0.0252563083877853,0.044018521018621,0.0552927612064541,0.0438986680067368
"R5515",0.0633371438170098,0.050691118256773,0.0174630643827558,0.00481797157705992,-0.0381090343800459,0.00246160016092076,-0.0327730322334994,0.00962912080891224,-0.0137367528204098,-0.0569352425556775,0.000277053610105887,0.022953865551038,0.0177112792428556,0.0253678254213384,-0.102567519237838,0.0555566831703289,-0.00816250385369251,0.129072600671887,0.159891584357332,0.0841113134550982,0.0070777328555833,-0.138636585219873,0.0118650096843175,0.000869078487411627,0.00540259441270458
"R5526",-0.0246556845425841,-0.267535027693736,0.194233142968396,0.208960563753279,-0.122983481414533,0.00265030073842673,-0.0450012807107784,0.21075964138593,-0.0437138750113279,-0.166094706116823,-0.0521171975858553,-0.110762220811496,-0.146682062237671,-0.130422727454122,0.0337947062885693,0.139368923465599,-0.0786465991499656,0.0821438747991055,0.105882537602844,0.152937872774316,-0.0327246985913347,0.182672333037402,-0.134191111243967,0.0462272644537997,0.0192459422132488
"R5528",-0.0133714238406157,0.00465123935310064,0.0704738894142618,0.105862863424013,-0.0140386746411927,-0.0172186796536337,-0.0619034097072235,-0.0412210631373898,0.0996679933494064,-0.146043806507125,-0.0581498139394031,0.00786336677199274,0.00545312506767561,-0.0126989124757835,0.0206003302909927,0.135248953458164,0.0442887617213054,0.0355704551466792,-0.108295272995264,0.01968911696848,0.00060282346566748,0.0290354263958743,0.00258306920579437,0.0233526949895339,0.0725965710413114
"R5529",-0.0638967909292248,-0.0168169879146486,0.0924038712604042,-0.0422209264392316,0.0237166382133057,0.0406922191659458,0.184917790986917,-0.00248830086701861,-0.0160184799150301,0.0389724783020373,0.120077467047248,-0.0034627815190637,-0.079438094400258,-0.0815029812689075,-0.0568332973223697,-0.0109111582471748,-0.0171731709298772,-0.000904274549784359,-0.0744617958342587,0.0782287565156234,-0.184629729272496,-0.143702380926686,-0.00394256565604237,0.146937524712905,-0.0503213349096912
"R5530",0.0520457587224906,-0.00445029984279358,0.136644398292824,0.0661408639495087,-0.0463932607142616,-0.0103819991944064,-0.0181737128038441,-0.090474818729154,-0.0343470141138572,0.0363384657488013,-0.0235856566357238,0.0948764936561637,-0.106547694152529,0.0164830759522653,-0.02071981483321,0.0663878920977944,-0.0821772558019327,-0.0903180996523204,-0.208599030318989,-0.0703295655786726,0.0210059831224651,0.0451629704918074,0.117533173739532,0.169212477484585,0.162108372675739
"R5531",-0.0386249719324037,-0.0680711100987322,0.00238497433198353,-0.0316795731464018,0.00285865180598034,-0.0250062499423843,-0.0465656348240356,0.0715223504046408,-0.125146743399349,0.0312098610263327,0.000881949525345334,-0.0666053532548092,-0.0779239342526831,0.0316390903382631,-0.00347155946756468,-0.0481182964398787,-0.0458333908872048,-0.166028063851798,0.0263495015989324,-0.144337455242892,-0.0230018055135707,-0.0248967579846045,0.0125580886931621,-0.0370526472335443,-0.093486432160072
"R5533",0.00953760003202201,0.00414128086445058,0.0751050341870851,-0.0265074055736225,0.0219952194860521,0.116631809787869,0.00982107819892229,0.011588421036029,-0.046628847274283,-0.113325139643866,0.0300648324045977,-0.0859791794792939,0.0867702428576015,-0.0567250497311332,-0.0390655456505181,-0.000413859702019999,0.0253072816388504,-0.0721464478153657,0.0356241000910877,-0.021650525589523,-0.0666928402009191,-0.135669132968851,-0.105543416220389,0.0694548354330458,-0.0898419911894632
"R5536",0.119056150969615,-0.0421299863081617,0.0468358375171245,-0.0245480012469962,0.031964819324107,-0.0576441668770683,0.0277703583321961,0.0703502213155787,-0.0176609466986836,-0.0564484274803209,0.0300197700291678,0.0164844662565016,-0.0641376522593259,-0.0326827599903365,0.106544770822226,-0.043009462949726,0.00656417532844347,0.0473163821303706,-0.143096820367767,-0.0280894387397555,0.0301463712212397,-0.073064383466562,0.0422881307878065,0.0511859261878197,0.0230293635850409
"R5540",-0.101883751796233,0.222205567573192,0.0470257066876419,-0.0032810252597124,0.123501678639446,0.182892739830448,0.0193284030533949,-0.259379065125069,-0.155265482895172,0.1009031659204,0.198309333870925,0.0145923834301666,-0.095756270703471,0.40123661841053,0.241970246659004,0.0525093111810527,-0.0499463373519887,0.190588497174059,0.114677098903025,0.106740402614473,0.180684959861988,-0.0895087986662897,0.170182449641298,0.178911560909661,-0.0916491664840786
"R5542",-0.0962455540064279,0.148594759562411,0.0321086019418689,-0.110689634896705,0.136079638219375,0.0349836178913951,-0.0272820834882553,-0.0354443969967635,-0.119038391564481,0.00808222349983648,0.0887767306636236,-0.00424732077683877,0.0346967680641334,-0.0292700927172392,-0.0656600326942283,-0.00380391097249259,0.107313667463623,-0.0378358941885644,-0.0945903048670931,0.0160692311475996,-0.0398676742493544,-0.0141274849924126,0.0700043187198258,0.0821709868908068,-0.154018492469782
"R5546",-0.0150197176276801,0.0918595343048851,0.0555295807022856,0.00593869025201319,-0.0123099948100424,-0.00698373946731899,-0.109268433196645,-0.00292359538306091,-0.182053718396867,0.0695712725959613,0.00869944336115083,0.0633150995979888,-0.0625983603201506,-0.0846206563936137,-0.176604103615102,0.026693379395232,-0.0705159658617687,-0.087483556535698,-0.17271711826545,0.239109654112479,-0.188400521086148,-0.122594481283311,0.0575357222126726,0.0392502345287005,0.138041343659944
"R5549",-0.0983783696371491,-0.0176372200905585,-0.0652427999953892,-0.244480927050848,0.016862382880748,-0.0443437021306935,-0.161078664359562,-0.111602129138263,-0.0318439347655353,0.0100742125144773,-0.246413166519104,-0.161139195021334,-0.169741796694844,-0.06400092740999,-0.110559339652091,-0.0954382735960416,-0.0541157689779127,-0.0753545974143065,-0.0978886983967109,-0.00369541335219008,-0.0410914510576901,-0.022713177452194,-0.101085018914897,0.00986336827269717,-0.1351579730534
"R5587",-0.0721366268036036,-0.119875320913424,0.260703952755701,-0.0129331482761582,-0.0222229570414275,-0.0826738023559967,0.0314232063408736,-0.0524707803020062,0.0335606392712209,0.120607992804891,-0.0279956834126992,0.0314497165019615,0.0322371774158164,0.180922045403736,0.0450718342708763,0.122691250938285,0.00641025292625922,0.0771555089891606,0.0144809643189763,0.0605751053725908,0.161730776606346,-0.158909787099584,0.267518034659994,0.331256196471471,0.0126861346752543
"R5588",0.101645793129026,-0.0280121300553856,0.0610763423648757,0.0721980383679254,-0.073440019809755,0.0750570629238212,0.0855568753429609,-0.0988280838710964,0.0967216341511286,-0.0262017601813113,0.0246192073505006,-0.0717814672901854,0.00693397441507723,-0.0218811555585059,-0.00807107618470008,0.0907562310293519,-0.0744666242143268,0.084437575172735,0.0386393039176647,0.0504162580010868,-0.0907094960864121,-0.0512742820990456,0.0607366408237971,0.0871970274423987,-0.0235477427719532
"R5662",-0.0256883527192009,-0.0740833644507456,-0.0471764216030313,0.0072102342299344,-0.0541395470256658,-0.014512043657746,-0.126715552792303,-0.0156315358520098,0.00408625469567848,-0.0383216979184413,-0.0730450039132756,-0.0852298969213265,-0.0390992764392667,0.0256845738067826,-0.0607005872231419,-0.0132760517946902,-0.0374972082458623,-0.095654295987063,0.0989444099735815,-0.0427521230680101,0.0813337195982007,-0.0756349508103479,0.0324968960603609,-0.087347804813883,-0.0700908996022418
"R5663",-0.0246725413385484,-0.0854909090177047,-0.0226938755287064,-0.031761273490458,-0.0471319295806845,0.10301045096476,0.121135323898193,0.184980336382581,0.166594093972394,-0.0375076830456712,0.0463907768461801,-0.00748759935051368,0.06424941412262,-0.00486840959469219,0.0799820226764835,0.112564471447481,0.0292186654940645,0.011492696966,0.0752845407843873,-0.0661896225444809,-0.00717362346211894,-0.131894810903096,0.0591742182726173,-0.120457825813432,-0.00693368684744276
"R5666",0.115613216281499,0.112954850778688,-0.0406529286700374,-0.0969368834053626,-0.0622204716703944,0.0647050220781894,0.0533698677996361,-0.000855626330339943,0.115229648471869,-0.0500832224480016,-0.0154410669883648,-0.090070809291695,-0.0419396945552949,0.151514003051746,0.0718506118099743,0.0172692895492877,-0.0204788316956358,0.0684315077431043,0.0663169317840797,0.017881242690367,0.133157048507875,-0.0144127726899682,0.0930036609470909,0.0431285845352643,-0.114349208787861
"R5667",-0.0108428529975216,0.00520569466561032,-0.162627458175317,0.0180394311599289,-0.0323981833299823,-0.102567279839046,-0.0915377264714724,0.107314735014537,0.0698794843786593,0.0142058597614436,-0.0953803265720724,0.0160086027350134,-0.0379627530154868,-0.0519461307667265,-0.0713758483119852,-0.178165031114254,0.0238184870024075,-0.0038380407870513,-0.0975881646892359,0.00966550791269755,-0.0350299853310941,0.0252588971366224,0.0254593006049165,-0.141495685875642,0.0861821282220236
"R5731",-0.0252941688368528,0.027708767217619,0.0109743486542321,-0.0188499785294399,-0.00950475520011961,0.0142008134710949,-0.045464927336447,-0.0803556973368704,-0.076424462219691,0.158063433340492,0.0375344399990241,0.0504271953013744,-0.00758973922747666,-0.0487509822186033,-0.106795183343951,0.0355744079533002,-0.0602160663277326,-0.0546355869705401,-0.0950850423938425,-0.172199202427248,-0.134189425075866,-0.0757460674889699,-0.0141245637160297,-0.0570041603364143,0.0234840820016767
"R5764",0.0727195604294531,0.00610854681494923,-0.0464604472902725,0.0245046466035923,-0.0210379794308979,-0.225245789105592,0.0649982538004859,0.013176346981512,0.125680928312484,-0.157580794625944,-0.00426914597836276,-0.168419417880335,0.0035531579322111,0.0623995109388486,-0.00947718666381284,-0.148471387981737,-0.0956904639841253,-0.0158103940039373,0.244861505232553,0.096646636563145,0.0117085059725529,0.0915036193639476,-0.0527665665184416,-0.0439507159703455,-0.15958299977936
"R5766",0.0484565930073515,-0.024556007198014,-0.0741925990861098,0.0971835290460013,-0.0925583749577397,-0.0211624538354651,0.00830056656585667,0.00411451928605576,0.126238242354813,-0.0412167150876471,-0.0707930585593252,-0.0357649182735855,-0.125529176922534,-0.0227506786017976,0.0497248588448135,0.0205842659882124,-0.0498556298090246,0.0357675945408186,0.0881189511987663,0.0433905547891451,0.0806391661048213,-0.0135851867448358,0.0205342414030155,-0.0577884825668061,0.0345429412752445
"R5768",-0.105290668570927,0.0454883554368918,0.116368753270541,0.0228578042617003,-0.0431884629665265,0.0238097577048326,-0.0229507088226886,0.0102642736217603,-0.0623459083222696,-0.0901940149733907,-0.028070173703184,-0.0251623398965692,-0.140854003655272,-0.0987326171366802,-0.0928020429193123,0.0822988610140915,0.00193343941112179,-0.0588567828560639,-0.0932487397120599,0.138099905228663,-0.135248555262106,0.0455914922790727,0.0517572847339172,0.0788449953157589,0.0389696477317804
