feature_id	partial_r2	partial_r2.gen	partial_r2.vmr
ENST00000422955.5	0.999984263598365	0.0100190812066902	1.57664285885614e-07
ENST00000557338.5	0.999892532452169	0.00485814438181058	5.22092863721846e-07
ENST00000482503.5	0.999886686414688	0.000284121728693874	3.21948517433096e-08
ENST00000489032.5	0.999691742151454	0.00012659785176472	3.90247814155299e-08
ENST00000503296.6	0.999125146947057	0.000277789175578586	2.43024708329485e-07
ENST00000521015.5	0.998206357273048	5.48779841028621e-05	9.84314970558655e-08
ENST00000376451.4	0.997100946694896	0.0029525827919225	8.55969490151535e-06
ENST00000498600.2	0.995317188591807	0.00206920202164638	9.68968283282258e-06
ENST00000591698.5	0.990114084283401	0.000656032656093707	6.48548354547878e-06
ENST00000431180.5	0.978991502021327	0.000407707005148744	8.56531179355821e-06
ENST00000379375.5	0.971575720599596	0.000403818426381773	1.14782477785069e-05
ENST00000629843.2	0.958581003607999	0.00111592315594022	4.62204171696381e-05
ENST00000377332.7	0.939414149880309	0.00142350247961378	8.62441078748897e-05
ENST00000482691.1	0.936768070255175	0.00858033925819077	0.000542551409160682
ENST00000508628.6	0.926483472342522	0.000159471657231416	1.17238024994373e-05
ENST00000616721.4	0.921615027536872	0.00423804614119666	0.000332199130075168
ENST00000506786.1	0.911631665138935	0.0049469711086773	0.000437155599479607
ENST00000561483.5	0.900903415377623	0.000885936886125291	8.77933196059997e-05
ENST00000637825.1	0.891461834458292	0.000377898176617354	4.10163748516041e-05
ENST00000614998.4	0.825997893147878	0.0134307411568887	0.00233697725788414
ENST00000611539.4	0.819185186898359	0.00920573577561446	0.00166453339373082
ENST00000559450.5	0.816932996010399	0.00121870630152196	0.000223104911362873
ENST00000434060.1	0.781363435176752	0.00334657541411146	0.000731683752463267
ENST00000392688.6	0.780602373926065	0.0177105164992625	0.00388564527648145
ENST00000353796.7	0.779831688909699	0.00873036024805353	0.00192214867102385
ENST00000545289.5	0.776319574798675	0.00216933199640194	0.000485237103358026
ENST00000466906.1	0.769134645292274	0.00326736227536577	0.00075432075066096
ENST00000504108.5	0.754860759004687	0.00184772464596381	0.000452949817279901
ENST00000593124.1	0.745666497404183	0.00114207135624716	0.000290467008248695
ENST00000524228.5	0.739652274019983	0.00410985890268109	0.00106999241941175
ENST00000533898.5	0.713900459388208	0.000423034101389363	0.000121029862070619
ENST00000473843.1	0.703757285307354	0.0455011989165826	0.0134793986888185
ENST00000599078.1	0.696521678975867	0.042615785193297	0.0129329669395869
ENST00000511891.5	0.687165332625941	0.0320486736832069	0.0100259361714658
ENST00000255283.9	0.683316989790213	5.35402450796166e-05	1.69552859791827e-05
ENST00000454559.5	0.672926790366452	0.000174054849340414	5.69286782260529e-05
ENST00000492259.6	0.66033755080527	0.0035132901175451	0.00119333272605701
ENST00000433212.5	0.656943435238535	0.0118949806938434	0.00408065121473387
ENST00000511482.1	0.656334888499742	0.00136588052106185	0.000469405481566751
ENST00000222969.9	0.652941222729034	0.00452030188094411	0.00156881044369611
ENST00000035383.9	0.637949380886912	0.0155054684359816	0.00561376444688558
ENST00000263650.11	0.637398350251614	4.11502214596041e-05	1.49211381887639e-05
ENST00000340360.10	0.622053147012658	0.0121349877239522	0.00458638042130776
ENST00000441343.5	0.609209747477138	0.0225391602898169	0.00880808414131082
ENST00000637261.1	0.599760783936459	0.00185244261838389	0.000741420181384662
ENST00000569786.5	0.598034287961509	0.035555799321881	0.0142922121915176
ENST00000490549.1	0.582109611133789	0.0123053000547004	0.00514226662497416
ENST00000632445.1	0.580397783081151	0.00890081646270114	0.00373480232013719
ENST00000439453.5	0.570138393810421	0.00210709894995377	0.000905760939027503
ENST00000460842.5	0.562067403001353	0.00311091096257073	0.00136236931687016
ENST00000565507.5	0.54916739449112	0.0017229514636121	0.000776762697505581
ENST00000396085.5	0.543888619792686	0.000718677779488187	0.000327797113926685
ENST00000409757.8	0.543146222386974	0.0664179963771422	0.0303433125463857
ENST00000328495.9	0.538538979006706	0.0089959371524966	0.00415127434318259
ENST00000588549.1	0.53195386559255	0.0124665421452273	0.0058349168605012
ENST00000399539.4	0.531287747599804	0.0011150017974648	0.000522615003919994
ENST00000254579.10	0.526255803214632	0.0280324883361984	0.0132802286707275
ENST00000324331.10	0.513702877876948	0.000540334105147468	0.000262762920318148
ENST00000299626.9	0.513331693119639	0.0232434654878355	0.011311857994997
ENST00000584527.1	0.495490424394329	0.0175465262524151	0.0088523905129597
ENST00000558501.5	0.494714503230312	0.0356264946066079	0.0180015510254625
ENST00000625672.2	0.493762834227683	0.0232166091683427	0.0117531104242254
ENST00000466772.5	0.491896767173138	0.0380277678600151	0.0193220317868631
ENST00000409457.5	0.490708190839741	1.94871375537471e-05	9.92463954010269e-06
ENST00000636864.1	0.477239677054027	0.0388107390199597	0.020288714463846
ENST00000545751.2	0.474630819913922	0.00525296120874077	0.00275974392326011
ENST00000458550.5	0.470188671775405	9.35555532063254e-05	4.956679190703e-05
ENST00000566178.5	0.457995248527038	0.029174586707678	0.0158127646178214
ENST00000345136.7	0.448063249832003	0.00456621674577518	0.00252026283122584
ENST00000523048.5	0.444302270774225	0.0523828776823318	0.0291090461783833
ENST00000459628.5	0.430083529271989	0.053697455528073	0.0306030643416337
ENST00000481194.1	0.425733916544271	0.185186085922867	0.106346088273421
ENST00000580768.5	0.420212793624352	0.00376726771569303	0.00218421362455083
ENST00000528331.5	0.419818904224399	0.0161019496718682	0.00934204680474807
ENST00000512205.1	0.419356818216018	0.0420991183576685	0.0244445660334971
ENST00000406941.5	0.415804282731479	0.0036577566304067	0.00213684575829413
ENST00000503084.1	0.414889745162021	0.00374703277755195	0.00219242730335968
ENST00000343003.10	0.413520227872265	0.0201353257537544	0.0118089612597796
ENST00000292907.7	0.408849170481965	0.0121017985131927	0.00715398822973399
ENST00000396147.5	0.406290824929819	0.000240106522919554	0.000142553445651538
ENST00000393412.7	0.404413748650478	0.000681571642969322	0.000405934699862233
ENST00000344930.7	0.403544957069693	0.00280078716019498	0.00167054362587275
ENST00000388996.8	0.400145073276285	0.00232336738025498	0.00139368336963512
ENST00000626996.2	0.377666439923642	0.0651805274088219	0.0405640296699868
ENST00000356721.3	0.37648945381722	1.14278129127093e-05	7.125361870878e-06
ENST00000570001.5	0.374731443842148	0.0463862579363408	0.0290038685254215
ENST00000407653.1	0.374019174237971	0.00229175177673808	0.0014345926696441
ENST00000237696.9	0.364533743217299	0.00315904400215179	0.00200746586705924
ENST00000506886.5	0.363399323128515	0.0353680681351114	0.0225153361144487
ENST00000589172.5	0.361271060388719	0.0104682794099995	0.00668639300710359
ENST00000331239.8	0.353440630035746	0.0250686119022949	0.0162083459174262
ENST00000409359.6	0.349540625492569	0.00534777548999108	0.00347851070022577
ENST00000295666.6	0.341026571362572	0.00321530329052052	0.00211879943346351
ENST00000538709.1	0.341021696705027	0.00287729843827525	0.0018960772429279
ENST00000582326.1	0.317745819330816	0.0543078668886759	0.0370517692280247
ENST00000404774.7	0.316685046380539	0.0199785901555685	0.0136516694055345
ENST00000519507.5	0.310433160887313	0.00394173185525757	0.00271808757605975
ENST00000409296.7	0.308207314549681	0.000136345661816012	9.43229315371999e-05
ENST00000278243.8	0.301827302593916	0.109305474763609	0.0763140981569615
ENST00000545061.5	0.299591696991836	0.00274757173619371	0.00192442205714063
ENST00000617005.4	0.296229355636557	0.0108428521049563	0.00763088101264261
ENST00000518611.5	0.289063418322424	0.0190452475770025	0.0135399632095973
ENST00000527688.5	0.287703271145893	0.0233424690436561	0.0166267643431745
ENST00000422956.6	0.285104109612182	0.00618996224572476	0.00442517857112438
ENST00000420576.6	0.282818281413837	0.00234045138792144	0.00167852894865687
ENST00000366618.7	0.275680628857426	0.00607134437630704	0.00439759234063672
ENST00000334166.8	0.27549906577936	0.000940393350582124	0.000681315861031627
ENST00000588012.5	0.272525409027459	0.0335553599850589	0.0244106717800671
ENST00000462656.5	0.270873292775723	0.017661493359302	0.0128774664977313
ENST00000512732.1	0.268286984065645	0.0458945876642072	0.0335816671548407
ENST00000487745.5	0.267699678907673	4.85846509485904e-05	3.55785554898114e-05
ENST00000600059.5	0.266669305348811	0.0469768091304729	0.034449536072146
ENST00000504520.6	0.26226430167298	0.0532661599680299	0.0392963477212133
ENST00000436040.6	0.261401966932434	0.0323301245245324	0.0238789663826491
ENST00000305850.9	0.261013125106026	0.00584701421269636	0.00432086676050113
ENST00000402796.5	0.260788381959903	0.0105175656094233	0.00777470669198468
ENST00000503432.5	0.259597260858308	0.023224249489214	0.0171952979363241
ENST00000368962.6	0.257966999559616	0.0012958921418486	0.000961594734263032
ENST00000493582.5	0.257355775182514	0.0305246754197629	0.0226689739149152
ENST00000398309.6	0.25024893810046	0.00623826071422371	0.00467714259489541
ENST00000622514.4	0.2492970571032	0.00521632554099837	0.00391591093473522
ENST00000621418.4	0.247658652726709	0.0367005673205104	0.0276113542636069
ENST00000394091.5	0.247265095434712	0.0478914015930826	0.0360495296076669
ENST00000512932.5	0.242022807343631	0.097526970093183	0.0739232189995125
ENST00000409168.7	0.240615662975113	0.00577910270285873	0.00438856007460911
ENST00000511426.5	0.238350730329214	0.0289614714212668	0.0220584835565992
ENST00000621401.4	0.233576904588268	0.0091061351395135	0.00697915228086348
ENST00000511368.5	0.232411849639109	0.00714200225301457	0.00548211629926477
ENST00000563290.5	0.229733666639899	0.0020780937675388	0.00160068566670059
ENST00000338508.8	0.229387459337369	0.00478650890029463	0.00368854378456034
ENST00000409883.6	0.228141691701137	0.000271993478385765	0.00020994042609516
ENST00000576183.5	0.228122734686008	0.0156052267632659	0.0120453197586344
ENST00000533073.5	0.227301347645315	0.0239175793607177	0.0184810813396128
ENST00000635994.1	0.226200007616683	0.131060314834545	0.101414470620726
ENST00000261622.4	0.224283987246527	0.0703077032913025	0.0545388112629834
ENST00000405931.6	0.214890711349904	0.0130304479192127	0.0102303256966452
ENST00000459881.1	0.213865420394932	0.0598392847952148	0.0470417309963541
ENST00000478260.5	0.209925967093847	0.0536419237447459	0.0423810910258557
ENST00000587014.1	0.206884501421876	0.00266976588345122	0.00211743269974028
ENST00000495373.5	0.202972860105422	0.114309519472044	0.0911077893675268
ENST00000616559.4	0.202847706086223	0.03437647380279	0.0274032849485609
ENST00000438058.5	0.202757670311271	0.0620346429720864	0.0494566432844747
ENST00000463997.1	0.202129615271614	0.0563201707292817	0.0449361962877404
ENST00000508576.5	0.200617441914548	0.0868156204824578	0.0693988927830429
ENST00000472669.5	0.200564293164935	0.0152455588466446	0.0121878441126629
ENST00000590506.1	0.198496270232541	0.0747736291181948	0.0599313426264818
ENST00000455521.5	0.197404780998413	0.0396601656947146	0.0318310593713887
ENST00000462856.6	0.194401610339126	0.046046450154841	0.0370949460943396
ENST00000529889.1	0.192763282622357	0.00614831353378241	0.00496314443441905
ENST00000277657.11	0.191116049697966	0.00267030121452088	0.00215996379489797
ENST00000412585.6	0.190046193528028	0.0402820697450212	0.0326266157225494
ENST00000389413.7	0.18882726988596	0.1951756063997	0.158321129494908
ENST00000262429.8	0.188531918794941	0.0653587729307024	0.0530365580599942
ENST00000637015.1	0.184558248938152	0.0482372427675686	0.0393346617087816
ENST00000346248.7	0.184378505201854	0.00688009195471265	0.00561155088445143
ENST00000616738.4	0.18355297575008	0.0577705903315746	0.0471666265653753
ENST00000448656.5	0.182645476845315	0.0725350192811716	0.0592868260965779
ENST00000264933.8	0.182325503883249	0.0438587113479915	0.035862149701799
ENST00000529059.5	0.180976791791044	0.00708560512016409	0.0058032750376186
ENST00000507777.5	0.17801367578843	0.047138497118178	0.0387471999750288
ENST00000296674.12	0.173391224487563	0.0464173100021799	0.0383689557834831
ENST00000462436.1	0.171407557847865	0.0352357080119576	0.0291960413525875
ENST00000368898.7	0.170895811875993	0.072177007251233	0.0598422589982541
ENST00000512271.2	0.169365105399339	0.0135672428448651	0.0112694253304661
ENST00000392711.5	0.16900777929236	0.00427315433115312	0.0035509580070714
ENST00000319957.10	0.167878224494319	0.0137770751879543	0.0114642042666758
ENST00000423531.3	0.167115124753836	0.0691426677237349	0.0575878821812699
ENST00000468392.5	0.164873411671609	0.0335689744281446	0.0280343430878594
ENST00000331434.6	0.164384064471555	0.0148990824371197	0.0124499107092092
ENST00000343131.5	0.162430216918509	0.11095857724824	0.0929355514768392
ENST00000515007.6	0.157015756455484	0.0229372592470093	0.0193357481353246
ENST00000587651.1	0.156089364815424	0.00869961224564506	0.00734169529608184
ENST00000554401.1	0.155580174933152	0.0149846695137905	0.0126533520095195
ENST00000456894.5	0.155321919617402	0.00773198536670481	0.00653103855709456
ENST00000576916.5	0.154493267167974	0.0404987669884796	0.0342419801601549
ENST00000470012.1	0.151953600902951	0.0195923578709827	0.0166152285423076
ENST00000615684.4	0.151534758420279	0.016289241466784	0.0138208551962653
ENST00000465716.1	0.149163598994636	0.008545988815005	0.00727123836639095
ENST00000507996.5	0.146955427268675	0.0504039516118987	0.0429968173667425
ENST00000537360.5	0.146191082594514	0.0694585930356325	0.0593043661242616
ENST00000283233.9	0.146015422714073	0.0675489758912104	0.0576857836225526
ENST00000532868.6	0.142590995944357	0.0395478097374042	0.0339086481595298
ENST00000581546.1	0.13780819014669	0.0107921911560532	0.00930493882512039
ENST00000396063.5	0.135162424453648	0.0191529640987838	0.0165642030357185
ENST00000311638.7	0.135141056618125	7.2603239280084e-05	6.27915608098749e-05
ENST00000321117.9	0.134416076127598	0.0488147647545823	0.0422532756191796
ENST00000606459.1	0.127090624948988	0.00769751735186253	0.00671923506105864
ENST00000470751.5	0.124894562504212	0.0311956708742745	0.0272995012084066
ENST00000523546.1	0.12485484184909	0.000762455798901011	0.000667259500712304
ENST00000397525.5	0.121206781792845	0.0668106254267203	0.0587127245291803
ENST00000593761.5	0.12067939315889	0.000871416653778937	0.000766254620812344
ENST00000497597.5	0.120116496614431	0.0101227097151544	0.00890680528792519
ENST00000431614.5	0.11968681222098	0.0646594539894699	0.0569205700615211
ENST00000309190.9	0.118009178912083	0.0141822356784878	0.0125086016909318
ENST00000485963.5	0.117760657757838	0.281683202895665	0.248512003643337
ENST00000503795.1	0.11457200239177	0.0103510871724529	0.00916514238817321
ENST00000535381.5	0.114533053007315	0.00102344886366237	0.000906230140710252
ENST00000588013.1	0.11415892594182	0.0812805348281073	0.0720016362721539
ENST00000495506.1	0.112057503719005	0.0259305515289745	0.0230248386545806
ENST00000346341.6	0.111855599679532	0.0139430576373619	0.0123834485639685
ENST00000556257.5	0.110733616269769	0.0256172332446587	0.0227805443686515
ENST00000454151.2	0.10981618407983	0.00700351364377119	0.00623441450026121
ENST00000258679.11	0.107305680400673	0.0092574832327027	0.00826410269561971
ENST00000348544.4	0.106959091753827	0.0533762784512653	0.0476672001869186
ENST00000448404.5	0.105737534150062	0.0283242489978555	0.0253293127521699
ENST00000636892.1	0.103864147860121	0.13250085842702	0.118738769675763
ENST00000361005.9	0.103615889752015	0.201771462361133	0.180864732762019
ENST00000354700.9	0.103046287501337	0.0523868547200814	0.0469885838273051
ENST00000455446.6	0.103001681828074	0.000206789649860441	0.000185489968140177
ENST00000356842.8	0.102908275003322	0.00471864694812946	0.00423305913034777
ENST00000380180.7	0.102639139378912	0.0465443859389854	0.041767110223288
ENST00000452588.6	0.102622402896221	0.00660847114072761	0.00593029395279581
ENST00000374018.5	0.100137972211719	0.0344664860436157	0.0310150820219445
ENST00000575542.5	0.100008621279578	0.0408986448021378	0.0368084277232728
ENST00000607545.5	0.0994952571448339	0.0738703546827511	0.0665206047482107
ENST00000479535.2	0.0994424883610209	0.134336696381155	0.120977921014814
ENST00000281703.10	0.0991472633351465	0.0159868815089384	0.0144018259580639
ENST00000440126.7	0.098437604647189	0.0226195449998862	0.0203929311718881
ENST00000357489.7	0.0976698536095603	0.038197083274671	0.0344663797429217
ENST00000404929.5	0.0971433123379157	0.0960205487422854	0.0866927945849555
ENST00000450599.6	0.0960055012550584	0.00477221631409741	0.00431405729476492
ENST00000359742.8	0.0937010555762126	0.00473661838912477	0.00429279224620208
ENST00000612404.4	0.0920708228694048	0.0050842205476376	0.00461611217816707
ENST00000524601.5	0.0917386202755768	0.0129101833412368	0.011725820934007
ENST00000400337.6	0.0911968071122111	0.0830194611150859	0.0754483513332137
ENST00000619374.4	0.0896721085743435	0.0324384322325923	0.0295296096154498
ENST00000296444.6	0.0888640608132714	0.00558251325059098	0.00508642845359957
ENST00000527674.5	0.0882036838745376	0.056404274586056	0.0514292097812949
ENST00000429383.8	0.0871195686328739	0.00235479323417137	0.00214964466339075
ENST00000292363.9	0.085877698439347	0.0445560014425498	0.0407296345870034
ENST00000432763.6	0.084694343211048	0.037560723931316	0.0343795430874217
ENST00000554462.1	0.0823605479830986	0.0472205133967818	0.0433314060373796
ENST00000430095.6	0.0818665712357194	0.131850047576359	0.121055936264016
ENST00000323716.7	0.0802114129272024	0.0113100922852456	0.010402893802709
ENST00000394070.6	0.0798703406187112	0.0769154058265119	0.070772146164322
ENST00000382494.6	0.0795797517522595	0.000243957265491178	0.00022454320686523
ENST00000340825.7	0.0792398750420524	0.0306804358116455	0.028249321911695
ENST00000297423.8	0.07837066299375	0.0561223347767233	0.0517239901915143
ENST00000590306.5	0.0763739657896327	0.0207395566785104	0.0191555944862537
ENST00000584217.1	0.0756064763184151	0.0357032395450775	0.0330038434099219
ENST00000394094.6	0.0740475130178518	0.106095089564052	0.0982390120384277
ENST00000268896.9	0.0740213969208501	0.0784880695605587	0.0726782730100653
ENST00000437042.6	0.0734995123584789	0.0317096020750461	0.0293789617854488
ENST00000483956.1	0.0729751381223908	0.00983205463941358	0.00911455909407548
ENST00000529159.1	0.0718127017848926	0.0147138086734788	0.0136571703190903
ENST00000324262.8	0.0717624392466431	0.0540136745737112	0.0501375215336273
ENST00000560041.1	0.0713579543671476	0.0722174340170437	0.067064145655943
ENST00000620879.4	0.0705142022597793	0.000721595384924692	0.000670712662002389
ENST00000519638.1	0.0704574392961004	0.0420873021640857	0.039121938626723
ENST00000330205.10	0.0699836839959812	0.0235099441450379	0.0218646316432284
ENST00000574431.5	0.06912298177732	0.0566662806762568	0.0527493383896834
ENST00000331968.9	0.0687055750006147	0.0983196635663316	0.0915645545471398
ENST00000265572.7	0.0686038555426914	0.00904652868610775	0.0084259019389632
ENST00000463026.5	0.0653303187618062	0.00999762549687923	0.00934447743630695
ENST00000638028.1	0.0641038004909051	0.0245001230149611	0.0229295720172074
ENST00000283629.7	0.0637903767759846	0.00044588419863557	0.000417441077606149
ENST00000634431.1	0.0637308796093412	0.00102569180479255	0.000960323563865028
ENST00000493568.5	0.063719298184072	0.0414709097002036	0.0388284124390516
ENST00000479650.5	0.0632548574423402	0.00964210566426906	0.00903219564503174
ENST00000449833.6	0.0621748532057679	0.075352063420989	0.0706670599390373
ENST00000635990.1	0.0613928393721172	0.0887053828601344	0.08325950753876
ENST00000431029.5	0.0601540529006195	0.033788931092709	0.0317563899443028
ENST00000349441.6	0.0592369825330229	0.102240663882179	0.0961842354616257
ENST00000495936.5	0.0573436272139837	0.00919614171211331	0.00866880158996692
ENST00000446122.5	0.0569675595735686	0.00891676700693129	0.0084088005512603
ENST00000634540.1	0.0561137463195073	0.0334625351735345	0.0315848269635992
ENST00000581399.5	0.0555071254823301	0.0771430571335461	0.0728610677811438
ENST00000541387.5	0.0545577174604979	0.0863102418443173	0.0816013520558278
ENST00000549464.5	0.0544885930023105	0.060838555036219	0.0575235477720018
ENST00000335509.10	0.054410739683753	0.0325026063301979	0.030734115478122
ENST00000600806.5	0.0520757286343017	0.0299724722592377	0.0284116339273665
ENST00000468435.6	0.0511352023807081	0.0307559276103665	0.029183217027604
ENST00000618481.4	0.0510692050567816	0.00208774600520694	0.00198112647636055
ENST00000262318.12	0.0497448475642948	0.0496925467403258	0.0472205985776467
ENST00000409680.7	0.0496218959415673	0.0348441834944223	0.0331151490468932
ENST00000518306.5	0.0460292297201722	0.0156426383614487	0.01492261976688
ENST00000477288.5	0.0442182349182793	0.0279917560349165	0.0267540099907894
ENST00000617840.1	0.0440114909992183	0.0745798846500064	0.0712975127280099
ENST00000532681.5	0.0436108724914605	0.0287427297760449	0.0274892342527253
ENST00000304932.5	0.0433026138135184	0.136278910507031	0.130377677474418
ENST00000573113.3	0.0418879022010735	0.164047743039275	0.157176127222539
ENST00000415220.6	0.0407002918520036	0.0266331758696206	0.0255491978387813
ENST00000305747.10	0.0405004103853149	0.0159192438877897	0.0152745079773103
ENST00000261425.7	0.0404730361110454	0.190512143769187	0.182801538894824
ENST00000345985.7	0.0392604634057366	0.0571178259892939	0.054875353672226
ENST00000012134.6	0.0391193331736427	0.00869313706655938	0.0083530673413285
ENST00000451663.5	0.0374501308625835	0.0241640680223933	0.0232591205127823
ENST00000394272.7	0.0372301837342494	0.125284210294968	0.120619856126686
ENST00000411875.1	0.0370779195884053	0.0242095709151601	0.023311930391498
ENST00000374866.7	0.0369867302993869	0.0437655728031989	0.0421468273655288
ENST00000569717.5	0.0366331224612808	0.0281290641153272	0.0270986086648692
ENST00000492734.1	0.0361965930884182	0.088747180741517	0.085534835152472
ENST00000446900.6	0.0359066417669242	0.0246302580899884	0.0237458682361243
ENST00000419593.5	0.0348763510432307	0.0277880641542661	0.0268189178740101
ENST00000396033.6	0.0336221835184595	0.040160401128572	0.0388101207516522
ENST00000546744.5	0.0336002895311742	0.0580785219504775	0.0561270667973988
ENST00000397708.1	0.0332739154261822	0.00745955016648093	0.00721134172512408
ENST00000571311.5	0.0315977999647224	0.0664059318793032	0.06430765052731
ENST00000475012.5	0.0290165398641397	0.0492411471306164	0.0478123394219449
ENST00000441739.1	0.0284680248947492	0.0460951317535497	0.0447828943952629
ENST00000564798.1	0.0284536533488286	0.0379974361305105	0.0369162702547087
ENST00000564652.5	0.0274585164112815	0.099718816769999	0.0969806860032064
ENST00000296799.8	0.0273472773671365	0.0382270273343618	0.0371816222149279
ENST00000595830.5	0.027120396170831	0.0787053397473838	0.0765708197526749
ENST00000332509.7	0.0266149638574513	0.125080249898254	0.121751243567931
ENST00000456262.5	0.0259859975348197	0.00597093645089874	0.00581577571100512
ENST00000547217.5	0.0245546475960554	0.038186060054396	0.0372484148066785
ENST00000319332.9	0.0240594129160659	0.0607607486240208	0.0592988806837862
ENST00000526727.5	0.0239392815865264	0.037143516416368	0.0362543273177628
ENST00000416967.1	0.0238442385402782	0.0331361991545603	0.0323460917176008
ENST00000409515.3	0.0230672295970695	0.0951262006676027	0.0929319027561062
ENST00000470411.2	0.0229960412996799	0.0374244272173874	0.0365638135434795
ENST00000527648.2	0.0221214300923321	0.00266737220338269	0.00260836611565533
ENST00000425278.6	0.0212808966242235	0.0278712744247326	0.0272781487149145
ENST00000474319.1	0.0207885361920617	0.106425752372206	0.104213316767249
ENST00000439887.6	0.0200912990981664	0.0791413461370948	0.0775512936808229
ENST00000558904.2	0.0185402609897551	0.180515424789348	0.177168621701077
ENST00000486392.5	0.0171131946786482	0.0542015136262254	0.0532739525716624
ENST00000573886.5	0.0166967838753205	0.0568278087283195	0.0558789670878747
ENST00000535342.6	0.0162484909760169	0.0417755881418038	0.0410967978748639
ENST00000505747.5	0.0155763382192304	0.077557616313996	0.0763495526508119
ENST00000360127.6	0.0154162396333597	0.143334629242554	0.141124948250392
ENST00000521766.5	0.0140477893818558	0.00742945837401517	0.00732509090755574
ENST00000617948.4	0.0134527092094978	0.107340134695285	0.105896119076721
ENST00000501937.2	0.0125521435563227	0.0388105234767661	0.0383233682145897
ENST00000579053.5	0.0124903830647778	0.0220071620584031	0.021732284174125
ENST00000298767.9	0.0115676099815521	0.00809549195287053	0.00800184645935093
ENST00000361150.6	0.0112823360089904	0.0280029868538253	0.0276870477468851
ENST00000535417.1	0.0101838349001912	0.0281140224634362	0.0278277139002883
ENST00000446070.6	0.0100951893809764	0.054264318651209	0.0537165100777954
ENST00000618166.4	0.00960050678950173	0.0290046934924828	0.0287262337356808
ENST00000599547.5	0.00866714000587173	0.00624637097562552	0.00619223280385116
ENST00000511167.5	0.00784235802583277	0.00160190762637057	0.00158934489324026
ENST00000413009.6	0.00771187357022743	0.0193502999450493	0.0192010728783271
ENST00000398392.2	0.00721785368383257	0.0275162977805947	0.0273176891692936
ENST00000597505.5	0.00582407521167098	0.0280412634548627	0.0278779490274713
ENST00000460201.6	0.00541552138936185	0.0437990804195958	0.0435618855627491
ENST00000509464.5	0.00476798584058017	0.00634300233744401	0.00631275899211231
ENST00000254636.9	0.00420393017166201	0.00321304416121869	0.00319953674792646
ENST00000537916.2	0.00396711331201274	0.0102163258238868	0.010175796501711
ENST00000536573.6	0.0039417992580632	0.0925375068405265	0.0921727425647195
ENST00000554140.1	0.00373039304733392	0.10319305469034	0.10280810403659
ENST00000492134.1	0.00306211477037081	0.0337776276435171	0.0336741966710018
ENST00000341871.7	0.00290051160661215	0.00208319282578139	0.0020771505008114
ENST00000540744.5	0.00256713592974027	0.00539758517972669	0.00538372884487798
ENST00000375405.7	0.00231673167066636	0.0617590691291601	0.0616159899377577
ENST00000486831.5	0.00187745861061712	0.036856791691753	0.0367875945908316
ENST00000569729.5	0.00040255729660412	0.054331742993131	0.0543098713535519
ENST00000369354.7	0	0.021427759258756	0.021427759258756
ENST00000483502.2	0	0.0235908207955837	0.0235908207955837
ENST00000617556.4	0	0.0113989793453559	0.0113989793453559
ENST00000393960.5	-4.99926466831091e-05	0.0601295370427357	0.0601325430774363
ENST00000357967.8	-7.88137485129847e-05	0.0644338405076941	0.0644389187801956
ENST00000456174.6	-0.000444526395838407	0.0955928550302579	0.0956353485775724
ENST00000359369.8	-0.000511300940205716	0.0251957954810681	0.0252086781149868
ENST00000352301.8	-0.000741474248251259	0.00407427056764855	0.00407729153435487
ENST00000595722.5	-0.00119472663525281	0.0720534879285517	0.0721395721497428
ENST00000550865.1	-0.00166921297948325	0.0489144260270953	0.0489960746219037
ENST00000504779.6	-0.00177753453314688	0.0941885774090124	0.0943560008579849
ENST00000529047.5	-0.00200044640882321	0.0406892973839215	0.0407706941427507
ENST00000481649.1	-0.00228603151283652	0.0341912346892452	0.0342693969292076
ENST00000484945.5	-0.00369793536148202	0.174871075281547	0.175517737214531
ENST00000406934.5	-0.00378659502429773	0.0471418973703453	0.0473204046443638
ENST00000612949.4	-0.00516361833541937	0.0251468327306488	0.0252766813772145
ENST00000477024.5	-0.00540795919917587	0.00640400942549781	0.00643864204718204
ENST00000580044.5	-0.00567538352273697	0.0312533066079318	0.0314306811092855
ENST00000476706.5	-0.00578705830411245	0.0470279296031469	0.047300082973682
ENST00000531673.5	-0.00581664354306472	0.0117807479981307	0.0118492724099065
ENST00000522325.1	-0.00596170325351295	0.0433880342759567	0.0436467008610632
ENST00000349062.6	-0.0066711256369537	0.107727727500749	0.10844639270549
ENST00000342907.2	-0.00723253130811622	0.00992525272248782	0.00999703742354418
ENST00000522965.1	-0.0077593350483387	0.0975796635292749	0.0983368168325027
ENST00000485081.5	-0.00821750303322087	0.0352193219843038	0.0355087368695378
ENST00000261367.11	-0.00896633802346189	0.0920931493798605	0.0929188876868455
ENST00000566672.5	-0.00900758713477731	0.0151962516155092	0.0153331331760579
ENST00000546868.5	-0.00931027319068549	0.115103170225782	0.116174812185698
ENST00000477256.5	-0.00988907147828561	0.091869333919447	0.0927778363292389
ENST00000442215.6	-0.0103850458958868	0.00271687354863927	0.00274508840513521
ENST00000555044.5	-0.0113588268156356	0.065767522838669	0.0665145647406868
ENST00000464025.5	-0.0116712724380996	0.0308943298836156	0.0312549060244798
ENST00000599530.1	-0.0129911286522788	0.0740269485542663	0.0749886421666704
ENST00000570891.5	-0.0132745774383668	0.142752704853416	0.144647686688529
ENST00000606296.1	-0.0143184522811895	0.0757564334031	0.0768411482797754
ENST00000560371.5	-0.0146555078556059	0.0526310340348426	0.0534023685675889
ENST00000504194.5	-0.0146812278267258	0.0931465849438606	0.0945140911787029
ENST00000479271.1	-0.016690918879467	0.0717042531716749	0.0729010630446761
ENST00000481152.1	-0.0168271743083852	0.109625575830445	0.111470264503601
ENST00000366888.6	-0.0171841970539686	0.0568083436043319	0.0577845493751383
ENST00000532045.5	-0.0173337202086906	0.12534680352494	0.127519529946295
ENST00000473295.2	-0.0181780960079024	0.110417786401141	0.112424971523321
ENST00000377890.6	-0.0182408896783601	0.111649043507679	0.113685621392997
ENST00000253778.12	-0.0182952276240971	0.00783552113304877	0.00797887377573132
ENST00000325006.7	-0.0188503086223688	0.0681364195797131	0.0694208121172139
ENST00000494615.1	-0.0196993074278897	0.0632698669420954	0.0645162395019094
ENST00000547738.5	-0.0197643747051741	0.0183651192112584	0.0187280943088549
ENST00000429436.6	-0.0204934116790732	0.109294453516697	0.111534269746854
ENST00000475762.5	-0.0225701244789947	0.0197157914692599	0.020160779336923
ENST00000460615.1	-0.0231135335577917	0.0194711968653138	0.0199212450274706
ENST00000357714.5	-0.0255111281680982	0.0645797436744291	0.0662272457923704
ENST00000615540.4	-0.0266981920193822	0.0262866253975029	0.026988430769907
ENST00000637609.1	-0.026870367698972	0.0541547197951882	0.0556098770287197
ENST00000473129.1	-0.0274266689370711	0.0934825628399224	0.0960464781423219
ENST00000330622.9	-0.0277574792491595	0.00349460286929467	0.00359160423592317
ENST00000382004.7	-0.0281247265786459	0.0353650240013993	0.0363596556318859
ENST00000566244.1	-0.028573749152616	0.0768082291846175	0.0790029282581954
ENST00000489398.1	-0.0302153711638131	0.0351410705059797	0.0362028709944116
ENST00000492369.5	-0.0303631657719661	0.0790796248314137	0.0814807325893548
ENST00000423662.6	-0.0307522167256556	0.00325885574877704	0.00335907278704108
ENST00000304775.12	-0.0330282329655639	0.0603503200805149	0.0623435845116805
ENST00000379672.9	-0.0345420455074082	0.0186541496857737	0.0192985021731217
ENST00000355028.4	-0.0346079615006474	0.00170323848194721	0.00176218409375686
ENST00000524023.1	-0.0347620197337902	0.0737111941755611	0.0762735441620932
ENST00000423251.1	-0.0368533249845689	0.0332761249286134	0.0345024607748347
ENST00000572904.5	-0.0385006050682307	0.0560817415012778	0.0582409224823571
ENST00000473767.5	-0.0389738698587965	0.0618625602002343	0.0642735835706102
ENST00000580919.5	-0.0449086516227537	0.0749324928100406	0.0782976100248712
ENST00000440884.7	-0.0465062229627023	0.0169369652890498	0.0177246395730939
ENST00000565267.5	-0.0468401141736116	0.0677559483846556	0.0709296447429342
ENST00000393775.6	-0.047570641094393	0.00604092116573749	0.00632829165839231
ENST00000405894.3	-0.0482177158330208	0.00797901245760416	0.00836374221291305
ENST00000467008.5	-0.0486590587441587	0.0397275054706429	0.0416606084930978
ENST00000492270.1	-0.0487924092991806	0.032525376253559	0.0341123677243325
ENST00000489585.5	-0.0493257174562306	0.0160912242649507	0.0168849354465685
ENST00000457646.8	-0.0520929223086616	0.00219561691150897	0.00230999301269979
ENST00000494943.5	-0.0521932442057085	0.0241591018653538	0.0254200437688028
ENST00000596073.5	-0.0528494010281721	0.0601540278821843	0.0633331322251897
ENST00000436445.5	-0.0536300450239653	0.0656547510415472	0.0691758182959426
ENST00000342058.8	-0.0558741779639075	0.0800359598786887	0.0845079033444627
ENST00000472690.5	-0.0581751846659526	0.00609076217244541	0.00644509338658382
ENST00000556508.5	-0.0618367287499503	0.0328847742899714	0.0349182611577437
ENST00000573250.2	-0.0625558845439021	0.108137309724308	0.11490193478631
ENST00000371236.6	-0.0642457784284473	0.0746333243738174	0.0794282003949161
ENST00000536311.5	-0.0657196516338972	0.0248237210649949	0.0264551273656434
ENST00000477245.5	-0.0694681172651256	0.00234335323671069	0.00250614157415212
ENST00000469131.5	-0.0706698457564837	0.0314986759222121	0.0337246824911683
ENST00000467503.1	-0.0727296453537378	0.0684292784335284	0.0734061155858111
ENST00000544752.6	-0.0729647762432222	0.0727888304123369	0.0780998511363789
ENST00000504137.1	-0.0756445108012457	0.0182468384621726	0.019627111631313
ENST00000274569.8	-0.0760147201096476	0.0116131791101124	0.0124959516697508
ENST00000338008.9	-0.0770143825201154	0.107743122349591	0.116040892388134
ENST00000630866.1	-0.0787437900413099	0.0134763815413405	0.0145375628999484
ENST00000346027.9	-0.0823067345931609	0.00540259912889909	0.00584726942151463
ENST00000483731.5	-0.0847126933181976	0.0927694506896067	0.100628200715173
ENST00000558000.1	-0.0849350810205821	0.0332783657514257	0.0361048664427556
ENST00000504309.5	-0.0853564042839744	0.0496393415746438	0.0538763772824794
ENST00000303697.8	-0.08583822866462	0.00169393532723703	0.00183933973519948
ENST00000485348.1	-0.0861526657559802	0.0708497473217944	0.0769536419217046
ENST00000309035.10	-0.0864313535635025	0.00122965758748327	0.00133593855718908
ENST00000541271.1	-0.0915301666402516	0.00787053262089712	0.00859092378323537
ENST00000531063.1	-0.0949167384109144	0.0317784787316592	0.0347947882845289
ENST00000564347.1	-0.0959670935405742	0.000498449165157094	0.000546283882814946
ENST00000539974.1	-0.10441481691201	0.0261146285383341	0.0288413826958894
ENST00000380876.4	-0.105662079369362	0.000558979739056473	0.000618042700610523
ENST00000417602.5	-0.105787573308488	0.051783089983342	0.0572610974110948
ENST00000589225.5	-0.106194404623498	0.0531423715113204	0.0587857940142458
ENST00000409943.7	-0.11144499331234	0.00939078868982028	0.0104373450725549
ENST00000579478.5	-0.11293914389703	0.128064383758503	0.142527865623889
ENST00000487620.1	-0.114383951010575	0.0392187473795601	0.0437047426585198
ENST00000370308.8	-0.114613895211738	0.0250483005728933	0.027919183869987
ENST00000395741.7	-0.116906281979594	0.019786909859138	0.0221001239226352
ENST00000467900.1	-0.119691429178294	0.0485129497567896	0.0543195340468345
ENST00000346964.6	-0.121808411210329	0.000660704522920874	0.000741183891137344
ENST00000637304.1	-0.122999053517202	0.00705390681705806	0.00792153067915474
ENST00000476120.1	-0.123342231392893	0.00404328572134965	0.00454199360437994
ENST00000498428.5	-0.124011523182486	0.0770975986368479	0.0866585892775154
ENST00000403724.5	-0.130181588999541	0.0292891991819599	0.0331021136719915
ENST00000522411.5	-0.135085250975756	0.00124675904865925	0.00141517780765368
ENST00000473543.1	-0.136883909166048	0.0115491667325594	0.0131300618225226
ENST00000534565.1	-0.139030830962883	0.0652155805337746	0.0742825568871121
ENST00000540009.1	-0.140961014428505	0.0815647426310802	0.0930621914939572
ENST00000561781.1	-0.142443194483061	0.0199527098536904	0.0227948375838437
ENST00000423588.1	-0.145737741183886	0.00200635194895768	0.00229875315001866
ENST00000508802.5	-0.146767758257686	0.0827605928635912	0.0949071795502575
ENST00000429978.5	-0.147672153744677	0.0102552583897524	0.0117696744833753
ENST00000495994.5	-0.149420424844317	0.0416301390019966	0.0478505320580029
ENST00000555516.6	-0.151108451780346	0.00580709660679068	0.00668459798438172
ENST00000519865.5	-0.151653180363423	0.00261830895229092	0.00301538383207986
ENST00000498096.5	-0.152501973737435	0.00233496802541632	0.00269105525790611
ENST00000568254.5	-0.153632289359236	0.0188172649081728	0.0217082043954946
ENST00000564566.1	-0.156037697463095	0.0167201473514255	0.0193291206453856
ENST00000338130.6	-0.156068802002226	0.018839454150188	0.0217797051897837
ENST00000571735.2	-0.159041298379256	0.0214784218621687	0.0248943779622654
ENST00000316361.8	-0.161396816359355	0.04363993704173	0.0506832839463879
ENST00000479007.5	-0.171979294995106	0.0348397615343243	0.040831479160795
ENST00000373632.8	-0.185196318348447	0.00753300719781545	0.00892809239694322
ENST00000580243.1	-0.18523894618295	0.0904734581171128	0.107232666156254
ENST00000486274.5	-0.186427941517317	0.05467202061704	0.0648644128792671
ENST00000515395.5	-0.189521155246798	0.00428254190601279	0.00509417419543316
ENST00000520638.1	-0.19075977158877	0.0100000202711225	0.0119076218539249
ENST00000498023.1	-0.190775362468861	0.0336547686121407	0.0400752692929275
ENST00000319921.4	-0.192051543821555	0.0702592629028472	0.0837526628111035
ENST00000589434.5	-0.19551007685224	0.0367198649396262	0.0438989685559764
ENST00000393742.6	-0.198216628958053	0.0711063169909245	0.0852007714424883
ENST00000512056.1	-0.198284019124311	0.0599268235398339	0.0718093549646655
ENST00000543693.5	-0.199568098096066	0.046061678728836	0.0552541203478618
ENST00000562713.3	-0.202828553075854	0.0490832480222923	0.0590387321989171
ENST00000340308.7	-0.202906606388236	0.00807705268884862	0.00971594003956187
ENST00000470007.1	-0.206951084001416	0.00293616480407627	0.00354380729308666
ENST00000605031.5	-0.210161122031967	0.0322751114850255	0.0390580851284253
ENST00000515078.5	-0.212410846949762	0.0164976898850868	0.0200019781662926
ENST00000301030.8	-0.217811235270243	0.109732837104796	0.1336338819043
ENST00000472577.1	-0.218931899804132	0.121353408628721	0.147921540927514
ENST00000542688.5	-0.220803909473084	0.0314935754172332	0.0384474799926437
ENST00000254898.6	-0.225644570349531	0.000953588883718386	0.00116876103767511
ENST00000487875.5	-0.23508293853145	0.0602413137310359	0.0744030187839228
ENST00000556089.1	-0.239218508396298	0.104627736702865	0.129656627813805
ENST00000493748.5	-0.240196034057868	0.0233096786967574	0.0289085710748817
ENST00000618522.4	-0.241939648687635	0.010889690516417	0.013524338414276
ENST00000345589.4	-0.243106525851399	6.10849934612017e-05	7.59351540032099e-05
ENST00000454393.5	-0.246238608767414	0.000215697605719431	0.000268810684066246
ENST00000359191.10	-0.24719394394703	0.0153855484974376	0.0191887629103075
ENST00000389562.6	-0.2535199059484	0.00108085161680224	0.00135486901703812
ENST00000510413.5	-0.254239845203922	0.0329202371187264	0.0412898731078678
ENST00000474655.6	-0.258928610275806	0.0322470332063806	0.0405967127000265
ENST00000405266.5	-0.264366676941965	0.0166757762225951	0.0210842957679904
ENST00000518595.1	-0.268293565241537	0.0727438052026229	0.0922605000496705
ENST00000521190.5	-0.271061729768328	0.00669651793916743	0.00851168767518279
ENST00000233078.8	-0.272982898569916	0.0279078615247031	0.0355262304566044
ENST00000528071.5	-0.278272191118693	0.0239140142207544	0.0305686193564073
ENST00000435468.1	-0.283285657765951	0.0316432982089382	0.0406073907559414
ENST00000482273.1	-0.283429545440901	0.0211138571979512	0.0270981481460706
ENST00000600944.5	-0.288287615564439	0.00595217206095362	0.00766810955183521
ENST00000295757.7	-0.288428744884415	0.00269404680834028	0.00347108734792973
ENST00000451724.6	-0.291127654218814	0.0398700463353141	0.0514773193985095
ENST00000321878.9	-0.307270781311528	0.00885780963317419	0.0115795557198684
ENST00000474464.5	-0.311279060106513	0.0253069652812029	0.0331844936480839
ENST00000272797.8	-0.317444881371119	0.00934422617015784	0.0123105029382485
ENST00000422070.8	-0.32098609370109	0.018262938746747	0.0241250881145676
ENST00000255559.7	-0.33813972194887	0.0039976856513926	0.00534946196599348
ENST00000438277.5	-0.343347811605196	0.021756309008355	0.0292262900949801
ENST00000309615.7	-0.346626714380144	0.0460226683053043	0.0619753546069791
ENST00000613079.4	-0.357237920211144	0.00387141138223846	0.00525442633271108
ENST00000524552.5	-0.362747663456366	0.0217123115100161	0.0295884017785112
ENST00000515612.1	-0.365720397845177	0.0303891678524405	0.0415031064096189
ENST00000524961.5	-0.373916176236676	0.0011890042677331	0.00163359219705295
ENST00000556010.2	-0.385192550226892	0.00140680755262371	0.00194869934149729
ENST00000612591.4	-0.385998486701126	0.0190227905370342	0.0263655588971619
ENST00000515013.5	-0.388103801762749	0.0597574148451447	0.0829494947300591
ENST00000420306.1	-0.39502577889558	0.0312936779573775	0.043655487466998
ENST00000400053.8	-0.397553500327955	0.0058601061656443	0.00818981188408962
ENST00000424265.5	-0.404826801564293	0.0111969693675766	0.015729802663866
ENST00000535621.6	-0.405301862602077	0.0306903163618781	0.0431291587471943
ENST00000515740.5	-0.407588936499106	0.00391869282104102	0.00551590866043581
ENST00000476645.1	-0.411279516461163	0.00820425919332361	0.0115785029472758
ENST00000637138.1	-0.418591210476376	0.0251315289785331	0.0356513661147794
ENST00000242827.10	-0.422076010658834	0.0369510469368105	0.0525471974175668
ENST00000521553.5	-0.428480645515674	0.068039191598667	0.0971926683352285
ENST00000421801.6	-0.428642074499249	0.000864445265504239	0.00123498287740103
ENST00000399654.6	-0.435790790686599	0.179337404086507	0.257490993213048
ENST00000409694.6	-0.446835126235346	0.00270450724791778	0.00391297608544553
ENST00000505084.1	-0.463348732892137	0.0127333966625776	0.0186333998715959
ENST00000636930.1	-0.472433746708405	0.014786527257561	0.0217721817306565
ENST00000230381.6	-0.478363737725317	0.0251161592396123	0.0371308190507775
ENST00000524803.5	-0.486122974527769	0.0326873303141072	0.0485773925557727
ENST00000376156.7	-0.491931043089108	0.0556779850478768	0.0830677143095786
ENST00000615229.4	-0.492310000981774	0.0256367958867093	0.0382580468948647
ENST00000393003.7	-0.494665252411059	0.0066015313313824	0.00986707949372019
ENST00000462991.5	-0.496507993958219	0.00199282343577371	0.00298227620218264
ENST00000592355.5	-0.521003970507291	0.027131193673362	0.0412666533017859
ENST00000638043.1	-0.534165519511213	0.00129839891781922	0.00199195885028892
ENST00000468944.1	-0.538847974604118	0.000219324765958168	0.000337507471875249
ENST00000449934.6	-0.553321803468431	0.00263188648544907	0.00408816666210194
ENST00000434794.1	-0.554680626408312	0.004528032101221	0.00703964378352321
ENST00000319562.10	-0.560627260132992	0.000375326057996159	0.000585744077547062
ENST00000538613.5	-0.565030637738643	0.00072286611406213	0.00113130761549031
ENST00000375857.6	-0.584920080326839	0.0053805187101975	0.00852769214636628
ENST00000376208.5	-0.615052507440389	0.0410906287238472	0.0663635229527515
ENST00000427791.1	-0.617185034170792	0.00969379057409548	0.0156766530408131
ENST00000446330.6	-0.647327847700864	0.0192009392068331	0.0316302418574275
ENST00000459914.1	-0.653450961268833	0.00691259887315162	0.0114296432516784
ENST00000620799.1	-0.655690342830154	0.0204268377302693	0.0338205179645655
ENST00000464496.5	-0.666736399264717	0.00404745406677659	0.00674603901744855
ENST00000359674.8	-0.68552659343202	0.0461585095750577	0.0778013954019463
ENST00000354570.7	-0.688837975245276	0.020828275340279	0.0351755823535279
ENST00000394518.6	-0.690345011038701	0.00463975581819789	0.00784278809972859
ENST00000523193.5	-0.694688468932181	0.0135459909346769	0.0229562346372568
ENST00000490741.1	-0.699981076859818	0.00336748934269085	0.00572466815910155
ENST00000598908.5	-0.712363462019452	0.055416197359563	0.0948926715625745
ENST00000528829.5	-0.730763157963504	0.00277866806940582	0.00480921632273717
ENST00000356591.4	-0.737604235543588	0.00964613043449942	0.0167611570995921
ENST00000492843.5	-0.740059985383361	0.0073429246242549	0.0127771293143521
ENST00000483387.1	-0.756585237741061	0.00174041929850979	0.00305719484724195
ENST00000602897.1	-0.829970187172295	0.00500130200675112	0.00915223356939952
ENST00000428870.6	-0.830817006709028	0.0177383402083786	0.0324756549242901
ENST00000379846.5	-0.831292279536981	0.0108785009735266	0.0199217148457548
ENST00000379786.8	-0.836757006401914	0.0248188546032183	0.0455862050833316
ENST00000442266.1	-0.846052716845102	0.047711875516697	0.0880786374233738
ENST00000465235.1	-0.851392552793189	0.0438150594621013	0.0811188747883251
ENST00000586091.5	-0.936992697013728	0.00726492858084553	0.0140721136054241
ENST00000358918.7	-1.00202051037772	0.00127926865169202	0.00256112207897068
ENST00000361742.7	-1.02193099865157	0.00131246256977179	0.00265370875439148
ENST00000360012.7	-1.0246651780782	0.00449496107603546	0.0091007911674659
ENST00000383331.4	-1.03310425025474	0.057530874790537	0.116966266057514
ENST00000380756.7	-1.04715307704469	0.00189181095382399	0.00387282661530764
ENST00000494924.2	-1.05107116367795	0.00239659163610886	0.00491557999593464
ENST00000555769.5	-1.08171186671237	0.00378635559970029	0.00788210138348893
ENST00000246070.2	-1.14704708455247	0.000160693981379718	0.000345017544226453
ENST00000511266.6	-1.2442473873946	0.00585783835233144	0.0131464384179997
ENST00000454044.1	-1.34342554241916	0.00013736571384541	0.000321906322477975
ENST00000499038.2	-1.34673893691107	0.0230283686360278	0.0540415693317082
ENST00000599957.5	-1.38806577757016	0.00202756052985316	0.00484194791329435
ENST00000285681.6	-1.39523184659871	0.00010237678680642	0.000245216140111184
ENST00000446256.6	-1.42005537015506	0.00156097951858144	0.00377765686664508
ENST00000406453.3	-1.43411729314594	0.000675630212883015	0.00164456318495042
ENST00000306006.10	-1.45259555787185	0.00647246995468051	0.0158743510593084
ENST00000354650.7	-1.50526405263647	0.00298526354077728	0.00747887343635558
ENST00000622126.1	-1.51586323514297	0.00574112102846496	0.0144438753240212
ENST00000520040.5	-1.60822900509746	0.0211566181177484	0.0551813050244819
ENST00000453671.5	-1.63738436501758	1.33488688916692e-06	3.52060981055579e-06
ENST00000475025.5	-1.67344777532728	0.0194235109071171	0.0519277420236774
ENST00000228345.9	-1.78661384266101	0.00686748521456594	0.0191370293631793
ENST00000535941.5	-1.79761724501689	0.00066224795846922	0.00185271630909072
ENST00000262097.11	-1.80722647674566	0.00203203986013135	0.00570439609716328
ENST00000638069.1	-1.81554259634978	4.20341644584869e-05	0.000118348980534842
ENST00000261486.5	-1.82952974644402	0.000858052278251504	0.00242788444531669
ENST00000381072.5	-1.98003000884719	0.00511516317031576	0.0152433397476909
ENST00000586579.5	-2.04952989444528	0.000823735405661145	0.00251200574467667
ENST00000395238.5	-2.15716687717601	0.00603292440984036	0.0190469491192546
ENST00000574426.6	-2.30661555001689	0.00171344782294126	0.00566571321548016
ENST00000519569.5	-2.36469672824964	0.00017267349738903	0.000580993951720292
ENST00000440564.6	-2.48934427146913	3.74726977882451e-05	0.000130755143363907
ENST00000395275.6	-2.64418766748177	0.000888679840378926	0.00323851611464855
ENST00000374789.7	-3.03501715946202	2.18288174502841e-06	8.80796529826603e-06
ENST00000525954.5	-3.16036532546652	0.00022420179177265	0.000932761360398398
ENST00000444303.6	-3.72373924737813	0.000580240605920756	0.00274090532311034
ENST00000580155.5	-4.20110618853182	0.000200354409521319	0.00104206455926097
ENST00000600738.5	-4.36696020019985	0.000642243519319336	0.00344689540702316
ENST00000359759.8	-4.45148798048907	3.18056700740857e-05	0.000173388228120279
ENST00000613966.1	-4.92788016460629	0.00182431585976095	0.0108143257990536
ENST00000311148.8	-5.04611021486575	0.00244430294610639	0.0147785250106803
ENST00000361101.8	-5.69586987263873	0.000382098668648249	0.00255848296377718
ENST00000511992.1	-7.95370048919422	0.000626530598439363	0.00560976732574167
ENST00000282588.6	-8.0510664762634	0.000293045992186948	0.00265237875588663
ENST00000375645.7	-9.86396739091571	0.000370465478760176	0.00402472488071053
ENST00000394095.6	-11.4358305996488	0.000143465675916545	0.00178411484256227
ENST00000369907.7	-12.1056483146937	0.000204628378493139	0.00268178756373712
ENST00000520972.5	-13.972677828511	0.000877076222442044	0.0131321797096722
ENST00000418306.6	-14.919338065809	4.26954035892669e-05	0.000679682563593693
ENST00000366401.8	-16.1148532166676	2.8799857930482e-05	0.000492905341141079
ENST00000531344.1	-20.3559514417774	0.00011966166552016	0.00255548871829075
ENST00000467549.5	-27.4539678877669	1.43242309275631e-05	0.000407581206829838
ENST00000637343.1	-33.9846553213547	4.28274764037784e-05	0.00149830450026964
ENST00000526335.1	-35.715447997868	2.90696911315334e-05	0.0010673067330539
ENST00000527315.5	-152.763846952388	0.000163763637471926	0.0251809268885996
ENST00000395753.5	-319.086244271271	7.07470617974557e-07	0.000226451613039751
ENST00000475334.1	-1227.28998746251	2.19067990400706e-08	2.69079019182721e-05
ENST00000409538.5	-1719.61617148434	9.4543883618315e-07	0.00162673735068606
